time,obs,obs_id,id
0,5.46515373027246,1,1
0.5,6.21031244404985,1,1
1,6.17932206083426,1,1
1.5,6.36277733190972,1,1
2,6.31007504933375,1,1
2.5,6.82204142776037,1,1
3,6.14231188065699,1,1
3.5,6.56575919054085,1,1
4,6.61516311764287,1,1
4.5,6.68788711914549,1,1
5,6.21801335064126,1,1
5.5,6.79044755357423,1,1
6,6.38790055374067,1,1
6.5,6.61492626585631,1,1
7,6.4253648637402,1,1
7.5,6.37968798627198,1,1
8,6.29751364118346,1,1
8.5,6.37697900069772,1,1
9,6.07013368862713,1,1
9.5,6.59850471668885,1,1
10,6.29776179299335,1,1
10.5,6.02612740269781,1,1
11,6.57889083895419,1,1
11.5,6.45219241299609,1,1
12,5.99407794919285,1,1
12.5,6.43818318563808,1,1
13,6.12739525332636,1,1
13.5,5.86075596176994,1,1
14,6.11116714586359,1,1
14.5,5.93967609979998,1,1
15,6.09892502651983,1,1
15.5,5.97959072179945,1,1
16,6.1275908721715,1,1
16.5,5.91126918149351,1,1
17,6.12422955432803,1,1
17.5,5.99737014618677,1,1
18,6.06821708334772,1,1
18.5,5.7132067055748,1,1
19,5.78172123329819,1,1
19.5,5.99612985077847,1,1
20,5.78489192435123,1,1
20.5,5.62427155070841,1,1
21,6.00202449452949,1,1
21.5,5.96561613013445,1,1
22,5.50944851354063,1,1
22.5,5.49625486975344,1,1
23,5.87896008512889,1,1
23.5,5.33513387045606,1,1
24,5.54703484983108,1,1
24.5,5.79791562058923,1,1
25,5.57722658709858,1,1
25.5,5.44747633519454,1,1
26,5.39354415104565,1,1
26.5,5.15739382418576,1,1
27,5.33915072140329,1,1
27.5,5.17284245142982,1,1
28,5.31648811315955,1,1
28.5,5.2133656366534,1,1
29,5.14835172256025,1,1
29.5,5.32281169343464,1,1
30,4.91122013829255,1,1
0,5.9509792239197,1,2
0.5,5.90688269322907,1,2
1,6.08577785215029,1,2
1.5,6.42013104861476,1,2
2,6.43170698400819,1,2
2.5,6.87794129649028,1,2
3,6.42917518838346,1,2
3.5,6.44823746970586,1,2
4,6.63573709521541,1,2
4.5,6.70631538220766,1,2
5,6.283989285053,1,2
5.5,6.76773902750304,1,2
6,6.92840219621335,1,2
6.5,6.79446438898132,1,2
7,6.90908972551749,1,2
7.5,6.84323478677412,1,2
8,6.95222904969508,1,2
8.5,6.68865363694606,1,2
9,6.94720064090051,1,2
9.5,6.67646376159192,1,2
10,6.59102562612846,1,2
10.5,6.74685158392065,1,2
11,6.98542705072606,1,2
11.5,6.91768794881451,1,2
12,6.45496659598677,1,2
12.5,6.89318066757784,1,2
13,6.33757761646385,1,2
13.5,6.49735111949608,1,2
14,6.4525025068216,1,2
14.5,6.60879599391024,1,2
15,6.55892390646268,1,2
15.5,6.65593383221488,1,2
16,6.2686887674021,1,2
16.5,6.42731258643764,1,2
17,6.37515257857788,1,2
17.5,6.42223376975892,1,2
18,6.48972249346304,1,2
18.5,6.46054230218895,1,2
19,6.5518134563593,1,2
19.5,6.51458092951344,1,2
20,6.16349656558801,1,2
20.5,6.34307421915906,1,2
21,6.22842593620533,1,2
21.5,6.32025079944169,1,2
22,6.23274059520374,1,2
22.5,6.1793340208488,1,2
23,6.38899446138095,1,2
23.5,6.19923544621674,1,2
24,6.18546340313893,1,2
24.5,6.11535768235761,1,2
25,6.32476535607964,1,2
25.5,5.85790929527078,1,2
26,6.20786121115711,1,2
26.5,5.69543341660944,1,2
27,6.24122601764802,1,2
27.5,5.3123203401444,1,2
28,5.81755672375226,1,2
28.5,5.81388534963408,1,2
29,5.56205085571681,1,2
29.5,6.12278552277486,1,2
30,6.21221811353122,1,2
0,5.42666130297295,1,3
0.5,5.85196256723944,1,3
1,6.09014266350928,1,3
1.5,6.71899128760595,1,3
2,6.78820526944979,1,3
2.5,6.35237511301871,1,3
3,6.801860838595,1,3
3.5,6.75213195354669,1,3
4,7.0531061485322,1,3
4.5,6.9107167902999,1,3
5,7.06759719648346,1,3
5.5,6.88409261900437,1,3
6,6.55539719596665,1,3
6.5,7.09648848647282,1,3
7,7.03943034318311,1,3
7.5,6.93801722307018,1,3
8,6.98366086196083,1,3
8.5,6.93815101809876,1,3
9,6.54755250676685,1,3
9.5,6.73889229258579,1,3
10,6.69234220087965,1,3
10.5,6.57007763287757,1,3
11,6.76214113977021,1,3
11.5,6.45410508925303,1,3
12,6.81588643079291,1,3
12.5,6.20269449956065,1,3
13,6.68107153556542,1,3
13.5,6.4767216415236,1,3
14,6.88518125145908,1,3
14.5,6.33755733683746,1,3
15,6.62756024776168,1,3
15.5,6.44119144977017,1,3
16,6.63814596840821,1,3
16.5,6.13775808991029,1,3
17,6.13671013452141,1,3
17.5,5.82458011599855,1,3
18,6.392528809509,1,3
18.5,5.92550541627499,1,3
19,5.91911536949161,1,3
19.5,6.59461286041194,1,3
20,6.01058402413535,1,3
20.5,5.68741560514628,1,3
21,5.82023341746924,1,3
21.5,5.61010311086494,1,3
22,5.82540364132347,1,3
22.5,5.99876451373263,1,3
23,5.94163287958394,1,3
23.5,5.52967474979015,1,3
24,5.45384301510201,1,3
24.5,5.98920816191164,1,3
25,5.40171447710793,1,3
25.5,5.70118932139333,1,3
26,6.15800100943939,1,3
26.5,5.86388922149472,1,3
27,5.7287635578062,1,3
27.5,5.95934062034238,1,3
28,5.50000392355339,1,3
28.5,5.03380810117269,1,3
29,5.39353256291902,1,3
29.5,5.25326648225181,1,3
30,5.49607813497417,1,3
0,5.39467634636435,1,4
0.5,5.83157641791254,1,4
1,6.21388215285097,1,4
1.5,6.43889298970871,1,4
2,6.87348668379526,1,4
2.5,6.67592645844638,1,4
3,7.00766813406251,1,4
3.5,6.80873016994575,1,4
4,7.04059350166242,1,4
4.5,6.71318553679862,1,4
5,6.80448683421498,1,4
5.5,6.99017036140613,1,4
6,7.34805519124032,1,4
6.5,6.50152848069909,1,4
7,6.8948247976519,1,4
7.5,6.95777872233377,1,4
8,6.75604911334845,1,4
8.5,6.6361301482384,1,4
9,6.69109261053716,1,4
9.5,6.52876988724569,1,4
10,6.79080549813984,1,4
10.5,6.83969248382324,1,4
11,6.96855227767429,1,4
11.5,6.64300041601182,1,4
12,7.28918140959578,1,4
12.5,6.97913236363117,1,4
13,6.76188022924068,1,4
13.5,6.77082057536129,1,4
14,6.88788450202417,1,4
14.5,6.75980529258794,1,4
15,6.837983404093,1,4
15.5,6.91705663844078,1,4
16,6.40360050674412,1,4
16.5,6.50180722670969,1,4
17,6.38128289726826,1,4
17.5,6.37676679899597,1,4
18,6.63536522514263,1,4
18.5,6.54394182857941,1,4
19,6.68856544482417,1,4
19.5,6.44520746409496,1,4
20,6.37614212761609,1,4
20.5,6.18113808587441,1,4
21,6.31841847894767,1,4
21.5,6.27906154249227,1,4
22,6.5617360015217,1,4
22.5,5.99635706284035,1,4
23,6.08176261592808,1,4
23.5,6.87912142895396,1,4
24,6.50702765867719,1,4
24.5,6.33818488725713,1,4
25,6.26255427819434,1,4
25.5,6.24301025281936,1,4
26,5.85943980309619,1,4
26.5,5.92560371465804,1,4
27,6.37142830463746,1,4
27.5,6.43794738637361,1,4
28,6.16143501189057,1,4
28.5,5.88202034233518,1,4
29,5.92196153970927,1,4
29.5,5.96313591223255,1,4
30,5.78411902221219,1,4
0,5.90225272023173,1,5
0.5,5.95815174446229,1,5
1,6.69309005332189,1,5
1.5,6.93177146083387,1,5
2,6.51633926164681,1,5
2.5,6.58029902113827,1,5
3,6.74893929429344,1,5
3.5,6.81854335731518,1,5
4,6.47937520815892,1,5
4.5,6.7141978504869,1,5
5,7.12894596520166,1,5
5.5,6.92795774013982,1,5
6,6.46209733751126,1,5
6.5,7.18496745354964,1,5
7,6.60154861657719,1,5
7.5,6.61637138492174,1,5
8,6.90275490035588,1,5
8.5,6.40536466277523,1,5
9,6.4327163715363,1,5
9.5,6.70227528883883,1,5
10,6.4747376424249,1,5
10.5,6.29594962437585,1,5
11,6.63408294782271,1,5
11.5,6.3621405462922,1,5
12,6.39160354658552,1,5
12.5,6.60559781726307,1,5
13,6.67035419519507,1,5
13.5,6.39721986093968,1,5
14,6.48621111554997,1,5
14.5,6.46101103142041,1,5
15,6.39330276767833,1,5
15.5,5.95661195180055,1,5
16,6.36196454794243,1,5
16.5,5.96344231431879,1,5
17,6.21986337243324,1,5
17.5,6.26866439256532,1,5
18,6.50414012323815,1,5
18.5,6.07658154577023,1,5
19,6.24255278923056,1,5
19.5,6.35849886841454,1,5
20,5.98925875435926,1,5
20.5,6.05633566445495,1,5
21,6.1494058133682,1,5
21.5,6.00122617547944,1,5
22,5.95482625664918,1,5
22.5,5.94863169261823,1,5
23,6.00448263274399,1,5
23.5,5.90445803367728,1,5
24,5.92423074793895,1,5
24.5,5.94490456436552,1,5
25,5.83685436619396,1,5
25.5,5.82250414789033,1,5
26,6.00876969480126,1,5
26.5,5.87087904255088,1,5
27,6.2347611407682,1,5
27.5,5.58677130125167,1,5
28,5.78186378877083,1,5
28.5,5.69930963649055,1,5
29,5.81147337082847,1,5
29.5,5.49861682902324,1,5
30,5.73112027745249,1,5
0,5.74378124035768,1,6
0.5,6.24524968389428,1,6
1,6.59778431948001,1,6
1.5,6.64480624998794,1,6
2,6.09346201062153,1,6
2.5,6.79451869458572,1,6
3,6.79805600560656,1,6
3.5,6.45207816754547,1,6
4,6.6426562484892,1,6
4.5,6.57842502717726,1,6
5,7.0137903272198,1,6
5.5,6.81046625564125,1,6
6,6.6584112203458,1,6
6.5,6.25087246640604,1,6
7,6.69278613900679,1,6
7.5,6.55741083389777,1,6
8,6.81917303428132,1,6
8.5,6.59807836556497,1,6
9,6.16907403401197,1,6
9.5,6.71336975308901,1,6
10,6.43845023406974,1,6
10.5,6.07124030954117,1,6
11,6.36231792299499,1,6
11.5,6.3894270105239,1,6
12,6.13423372813295,1,6
12.5,6.43211630148909,1,6
13,6.04666098454592,1,6
13.5,6.22918036354786,1,6
14,6.23245970144767,1,6
14.5,6.11130345126976,1,6
15,6.22894825711057,1,6
15.5,6.1278478837575,1,6
16,6.15905101201668,1,6
16.5,5.94832625720329,1,6
17,5.86066543918019,1,6
17.5,5.72914625708689,1,6
18,6.26617117208589,1,6
18.5,5.94536064620127,1,6
19,5.92489423553499,1,6
19.5,6.07641732802315,1,6
20,5.52635447040841,1,6
20.5,5.74382343357623,1,6
21,5.07891612133037,1,6
21.5,5.65406348443861,1,6
22,5.49500508543625,1,6
22.5,5.59157884935842,1,6
23,5.54505271433304,1,6
23.5,5.63224642168124,1,6
24,5.35536905696117,1,6
24.5,5.36171469213434,1,6
25,5.51922885255179,1,6
25.5,5.58680202974465,1,6
26,5.51224654435405,1,6
26.5,5.00918249874165,1,6
27,5.24315338725142,1,6
27.5,5.50040530639896,1,6
28,5.22515718019634,1,6
28.5,5.2417272760036,1,6
29,5.13310468847547,1,6
29.5,5.06185200311133,1,6
30,5.45272195207709,1,6
0,6.13119087966964,1,7
0.5,6.67952843880539,1,7
1,6.6100651094698,1,7
1.5,6.99998235401176,1,7
2,7.06727442463027,1,7
2.5,6.82985396551964,1,7
3,6.83813232000931,1,7
3.5,6.78264678424522,1,7
4,7.02748162465352,1,7
4.5,7.16168633687952,1,7
5,6.8217495448215,1,7
5.5,6.85361675467984,1,7
6,6.73079223868594,1,7
6.5,6.99019504572608,1,7
7,6.83958746736393,1,7
7.5,6.81786661951399,1,7
8,6.96978602968856,1,7
8.5,6.78687898691153,1,7
9,6.87887255471656,1,7
9.5,6.66590095673596,1,7
10,6.70811903965574,1,7
10.5,6.9050444984291,1,7
11,6.46699002539223,1,7
11.5,6.67661398887314,1,7
12,6.44067455335598,1,7
12.5,6.49348057595437,1,7
13,6.50185170261818,1,7
13.5,6.39830713873023,1,7
14,6.33743817996766,1,7
14.5,6.24136556996626,1,7
15,6.52670547582267,1,7
15.5,6.36930539386974,1,7
16,6.24166232892414,1,7
16.5,6.45074223050813,1,7
17,6.75466102147636,1,7
17.5,6.37156742975154,1,7
18,6.53353149961763,1,7
18.5,6.41400571408268,1,7
19,6.2909903836695,1,7
19.5,6.37079430622412,1,7
20,6.27318649865347,1,7
20.5,6.28496027291647,1,7
21,6.26000530621688,1,7
21.5,6.4787575625547,1,7
22,6.3921472975144,1,7
22.5,6.46117141166482,1,7
23,6.48610185455438,1,7
23.5,6.34005727390902,1,7
24,6.03193310251965,1,7
24.5,6.54356049860628,1,7
25,6.24690780146782,1,7
25.5,6.04940148002705,1,7
26,5.52636950924151,1,7
26.5,5.95739977816839,1,7
27,6.19508022925715,1,7
27.5,6.0877186553718,1,7
28,6.16478442206687,1,7
28.5,5.77942967820293,1,7
29,5.85503402402464,1,7
29.5,5.4839620500206,1,7
30,6.05913992005356,1,7
0,5.62230541911117,1,8
0.5,6.27744377450491,1,8
1,6.13995212852162,1,8
1.5,6.53940384682906,1,8
2,6.71892936104725,1,8
2.5,6.48994170939065,1,8
3,6.61445449771751,1,8
3.5,7.07260395085523,1,8
4,6.76777212072003,1,8
4.5,6.75080518751635,1,8
5,6.79604763595079,1,8
5.5,6.69699101103917,1,8
6,6.58324098143439,1,8
6.5,6.52516591359054,1,8
7,6.44961445595805,1,8
7.5,6.49606087384002,1,8
8,6.49342394278481,1,8
8.5,6.63852910916727,1,8
9,6.18012466016763,1,8
9.5,6.49249810579013,1,8
10,6.42352567798861,1,8
10.5,6.11572756610159,1,8
11,6.34526509393586,1,8
11.5,6.0167386600462,1,8
12,6.29101216137431,1,8
12.5,6.3961594088247,1,8
13,6.17476542591414,1,8
13.5,6.0156571464595,1,8
14,6.07901286044277,1,8
14.5,5.9825088548836,1,8
15,5.92841162324478,1,8
15.5,6.03552938116274,1,8
16,5.53307331917824,1,8
16.5,6.19217345382093,1,8
17,5.923519007228,1,8
17.5,5.59683702340661,1,8
18,5.58161160823711,1,8
18.5,5.61778504437534,1,8
19,5.66574905965362,1,8
19.5,5.6320254754517,1,8
20,5.78352360272299,1,8
20.5,5.18968944835744,1,8
21,5.43230384902556,1,8
21.5,5.44633993492097,1,8
22,5.60211010404921,1,8
22.5,5.3818751202617,1,8
23,5.28035867291427,1,8
23.5,5.4297652241524,1,8
24,5.50397197811114,1,8
24.5,5.29058403730691,1,8
25,5.46890041968362,1,8
25.5,5.38260101928436,1,8
26,5.11159419677578,1,8
26.5,5.31524689108993,1,8
27,5.13606931140774,1,8
27.5,4.75475286742942,1,8
28,4.92257115232508,1,8
28.5,4.84288877840818,1,8
29,4.70225960648878,1,8
29.5,4.96317586362343,1,8
30,4.87442693037852,1,8
0,5.29732664727049,1,9
0.5,5.6715717313881,1,9
1,6.04638008279729,1,9
1.5,6.32049554228016,1,9
2,6.41011769430347,1,9
2.5,6.89203726166503,1,9
3,6.33437350284447,1,9
3.5,6.57438888317046,1,9
4,7.1069361105703,1,9
4.5,6.71308682511346,1,9
5,6.43481530169126,1,9
5.5,6.48828127917446,1,9
6,6.81346662057341,1,9
6.5,6.85395852740415,1,9
7,6.77438128362378,1,9
7.5,6.71947012094168,1,9
8,6.73717687267256,1,9
8.5,6.72795309048148,1,9
9,6.7489762745435,1,9
9.5,6.56602252957723,1,9
10,6.46100156916733,1,9
10.5,6.6008458962122,1,9
11,6.83893413792087,1,9
11.5,6.59824287041607,1,9
12,6.53862057855109,1,9
12.5,6.58261613848112,1,9
13,6.40519915543868,1,9
13.5,6.41817676726557,1,9
14,6.36739208329927,1,9
14.5,6.24169593649624,1,9
15,6.40681307110116,1,9
15.5,6.13016410732248,1,9
16,6.56897647115742,1,9
16.5,6.21244096614064,1,9
17,6.3138362482076,1,9
17.5,6.07033060942599,1,9
18,6.15681983040734,1,9
18.5,6.10823568458511,1,9
19,5.83478449246396,1,9
19.5,6.34385111411067,1,9
20,6.13623667556315,1,9
20.5,5.92325273411825,1,9
21,5.76962606546703,1,9
21.5,6.3056045769545,1,9
22,6.01549947212831,1,9
22.5,6.09356940653442,1,9
23,5.17912603581417,1,9
23.5,5.99003097385045,1,9
24,5.9874692245995,1,9
24.5,5.72280625933024,1,9
25,6.0197470757218,1,9
25.5,5.45385192123839,1,9
26,5.9565203162219,1,9
26.5,5.53958132305973,1,9
27,5.55015248172941,1,9
27.5,5.28781903599928,1,9
28,5.47277333584464,1,9
28.5,5.41546159390434,1,9
29,5.564169993804,1,9
29.5,5.6363195233132,1,9
30,5.29444704996428,1,9
0,4.9450469892149,1,10
0.5,5.83130463814043,1,10
1,5.74025157804995,1,10
1.5,6.46422844787132,1,10
2,5.91530797408075,1,10
2.5,6.2019330933606,1,10
3,6.16626293738787,1,10
3.5,6.39320153154375,1,10
4,6.21628397427402,1,10
4.5,5.98727802396771,1,10
5,6.23823872209128,1,10
5.5,6.20837651008253,1,10
6,6.02042014130454,1,10
6.5,5.74190255361015,1,10
7,6.10787349936778,1,10
7.5,5.98503483779215,1,10
8,6.3394679166368,1,10
8.5,6.22714135938377,1,10
9,6.23533092670672,1,10
9.5,5.97184593759133,1,10
10,5.8577647596854,1,10
10.5,6.09078443914889,1,10
11,5.9767855194564,1,10
11.5,5.86882755196091,1,10
12,6.11456050610668,1,10
12.5,5.50177565166153,1,10
13,5.71586079671178,1,10
13.5,5.51957127450479,1,10
14,5.44263152416517,1,10
14.5,5.5743419171754,1,10
15,5.45270655840309,1,10
15.5,5.73887150438078,1,10
16,5.38378125015533,1,10
16.5,5.59265098599987,1,10
17,5.23685333224324,1,10
17.5,5.24948463755028,1,10
18,5.43697876832153,1,10
18.5,4.98945386032749,1,10
19,5.13115115422072,1,10
19.5,5.39521267730556,1,10
20,5.53100594007534,1,10
20.5,5.21041897538577,1,10
21,5.29715778324126,1,10
21.5,5.23654438624143,1,10
22,5.05527827099469,1,10
22.5,5.15798717788099,1,10
23,5.29852340004912,1,10
23.5,5.37929367998243,1,10
24,5.36693883230762,1,10
24.5,5.19554076532162,1,10
25,4.86316400834888,1,10
25.5,4.99190716021338,1,10
26,4.77965282014389,1,10
26.5,5.11151734379758,1,10
27,4.92675822208059,1,10
27.5,4.93493902221364,1,10
28,5.05373647129512,1,10
28.5,4.89673302474528,1,10
29,4.84436376680372,1,10
29.5,4.67858174824433,1,10
30,4.70367082042594,1,10
0,5.10218150178006,1,11
0.5,6.00184888803118,1,11
1,6.1588361277305,1,11
1.5,6.27871279038725,1,11
2,6.04298231091459,1,11
2.5,6.71439216204016,1,11
3,6.22460323007785,1,11
3.5,6.48705085068926,1,11
4,6.40093108909137,1,11
4.5,6.64930990366249,1,11
5,6.37888692746362,1,11
5.5,6.88891054990864,1,11
6,6.8904901199593,1,11
6.5,6.56386623596353,1,11
7,6.41302660503592,1,11
7.5,6.84526385777456,1,11
8,6.53782523898807,1,11
8.5,6.63893424302404,1,11
9,6.46206292955338,1,11
9.5,6.57443033759572,1,11
10,6.50503461781114,1,11
10.5,6.38979355586884,1,11
11,6.64795624832566,1,11
11.5,6.48840620095546,1,11
12,6.37157958551756,1,11
12.5,6.37751825316045,1,11
13,6.29206429265509,1,11
13.5,6.19170529003646,1,11
14,6.36756448532269,1,11
14.5,6.5230338114756,1,11
15,6.5338255672469,1,11
15.5,6.10487237756475,1,11
16,6.13362598710214,1,11
16.5,6.42469344464488,1,11
17,6.53083087158153,1,11
17.5,6.31492200643321,1,11
18,5.80047106963297,1,11
18.5,6.23878773383183,1,11
19,6.18395353626797,1,11
19.5,6.15141135590142,1,11
20,5.5579238270355,1,11
20.5,6.26087462711303,1,11
21,6.00515396092193,1,11
21.5,5.90980491940832,1,11
22,5.870296923108,1,11
22.5,6.02453865926535,1,11
23,6.28379767478795,1,11
23.5,6.10447001376813,1,11
24,5.95489484581335,1,11
24.5,5.85195198636891,1,11
25,6.08158613411704,1,11
25.5,6.17976207303337,1,11
26,5.85931356803844,1,11
26.5,5.69256260930167,1,11
27,5.81524556297795,1,11
27.5,6.28511099379775,1,11
28,5.77206990550978,1,11
28.5,6.04953684591967,1,11
29,5.67992424975299,1,11
29.5,6.10721704536972,1,11
30,5.89405881600078,1,11
0,5.61238709828005,1,12
0.5,6.35521343413019,1,12
1,6.39685779206832,1,12
1.5,6.31688815790814,1,12
2,6.7426803656893,1,12
2.5,6.56761875983108,1,12
3,6.60801673147382,1,12
3.5,6.52186754468933,1,12
4,6.57871515935686,1,12
4.5,6.2752875824499,1,12
5,6.71304343182023,1,12
5.5,6.39180816452503,1,12
6,6.86344285266446,1,12
6.5,6.87069787037717,1,12
7,6.54215588043227,1,12
7.5,6.45116914369593,1,12
8,6.47820317889556,1,12
8.5,6.2046122514015,1,12
9,6.11286178035594,1,12
9.5,6.4303151536102,1,12
10,6.10588728940691,1,12
10.5,6.37128600695095,1,12
11,6.36518846191143,1,12
11.5,6.5856333822285,1,12
12,6.08099214708867,1,12
12.5,6.32755999651856,1,12
13,6.42723791349317,1,12
13.5,5.90732272949679,1,12
14,6.26623509506791,1,12
14.5,6.1272793888427,1,12
15,6.61954080531118,1,12
15.5,6.17198290790798,1,12
16,5.78504785605421,1,12
16.5,6.20430681692248,1,12
17,6.19803431060276,1,12
17.5,5.81406127596847,1,12
18,6.09727595966159,1,12
18.5,5.54798314116136,1,12
19,5.93711013931723,1,12
19.5,5.83200569877395,1,12
20,5.75577338137662,1,12
20.5,6.07974747428794,1,12
21,5.71598103720754,1,12
21.5,5.74356097182967,1,12
22,5.57775550624986,1,12
22.5,5.83426896941948,1,12
23,6.07643669144751,1,12
23.5,5.80975697803123,1,12
24,5.80839942605388,1,12
24.5,5.75107196988161,1,12
25,5.41567143665989,1,12
25.5,6.0919983206084,1,12
26,5.69538232825351,1,12
26.5,5.61347130446763,1,12
27,5.49030052455946,1,12
27.5,5.3646832392518,1,12
28,5.6183653133083,1,12
28.5,5.87387627502294,1,12
29,5.29956520107216,1,12
29.5,5.60628882426107,1,12
30,5.6800911103088,1,12
0,5.58371088954922,1,13
0.5,6.03472490612741,1,13
1,6.56285218081955,1,13
1.5,6.39121420904255,1,13
2,6.97314557597204,1,13
2.5,7.31197776473631,1,13
3,7.25352654773864,1,13
3.5,7.36678768668505,1,13
4,7.27574420648848,1,13
4.5,7.41793169356671,1,13
5,7.05636720449103,1,13
5.5,7.23806110387126,1,13
6,6.88204160715224,1,13
6.5,7.47177403671226,1,13
7,7.1295279240981,1,13
7.5,7.50402778606188,1,13
8,7.07334903306038,1,13
8.5,7.42531378262869,1,13
9,7.14385414501469,1,13
9.5,7.02887452917207,1,13
10,7.32819124588556,1,13
10.5,6.73451384974876,1,13
11,7.18570002350305,1,13
11.5,7.35487767797338,1,13
12,7.06256527604702,1,13
12.5,7.26232654947401,1,13
13,7.21833780213858,1,13
13.5,6.93740299342795,1,13
14,6.72968225777931,1,13
14.5,7.10075848250827,1,13
15,6.849918689573,1,13
15.5,7.09962275607253,1,13
16,6.77150950886768,1,13
16.5,6.70824143450364,1,13
17,6.92284363228467,1,13
17.5,6.80212540820934,1,13
18,6.60903849873176,1,13
18.5,6.90925446595652,1,13
19,6.52293012200324,1,13
19.5,7.04347904545,1,13
20,6.60738904051557,1,13
20.5,6.4210597546331,1,13
21,6.39719362383017,1,13
21.5,6.61798311429621,1,13
22,6.64019878734372,1,13
22.5,6.61593192021237,1,13
23,6.53121272182426,1,13
23.5,6.33854059307849,1,13
24,6.49756143033084,1,13
24.5,6.7306746237296,1,13
25,6.75489055121724,1,13
25.5,6.5018646431347,1,13
26,6.39399053234746,1,13
26.5,6.4668899911762,1,13
27,6.3223123994815,1,13
27.5,6.28589366810226,1,13
28,5.72524579463258,1,13
28.5,6.33572264125441,1,13
29,6.46282782040414,1,13
29.5,6.43313148614379,1,13
30,6.2501292663619,1,13
0,5.98952055693024,1,14
0.5,6.24821085288685,1,14
1,6.77541799122573,1,14
1.5,6.36441820845628,1,14
2,6.44379177691718,1,14
2.5,7.20563890007734,1,14
3,6.65884252896976,1,14
3.5,6.90566860891554,1,14
4,6.68230042757285,1,14
4.5,6.69948949201319,1,14
5,6.56625311244455,1,14
5.5,6.74123671739056,1,14
6,6.667167076327,1,14
6.5,6.66694411459349,1,14
7,6.58150777861109,1,14
7.5,6.72616619764599,1,14
8,6.42750507511306,1,14
8.5,6.55385199719239,1,14
9,6.7500477820316,1,14
9.5,6.86651571710248,1,14
10,6.26030720524748,1,14
10.5,6.54014363498149,1,14
11,6.35843084258634,1,14
11.5,6.69195574734565,1,14
12,6.37974487014893,1,14
12.5,5.92516721752967,1,14
13,6.19435454475435,1,14
13.5,6.11009222167092,1,14
14,6.2132881679373,1,14
14.5,6.45662542734328,1,14
15,6.2708132786056,1,14
15.5,6.04288982561229,1,14
16,6.37658140366372,1,14
16.5,5.74088614882374,1,14
17,5.90620162288013,1,14
17.5,5.81672025872734,1,14
18,5.78167222154035,1,14
18.5,6.2325341185772,1,14
19,5.63296591888355,1,14
19.5,5.56028595429456,1,14
20,5.87411703574589,1,14
20.5,5.4560099251539,1,14
21,5.50915649169029,1,14
21.5,5.45571612565993,1,14
22,5.48586407575863,1,14
22.5,5.71047651987606,1,14
23,5.46885456607421,1,14
23.5,5.54767276053389,1,14
24,4.95389632273466,1,14
24.5,5.62545837043526,1,14
25,5.58193263435107,1,14
25.5,5.36976328536953,1,14
26,5.08591409130756,1,14
26.5,4.8522336996853,1,14
27,5.32122655215313,1,14
27.5,4.99567205557285,1,14
28,4.64626613107433,1,14
28.5,5.19029261961693,1,14
29,4.48573448075783,1,14
29.5,4.82146187407591,1,14
30,4.82911686135106,1,14
0,5.15918295732376,1,15
0.5,5.36995031636376,1,15
1,6.0608411055724,1,15
1.5,5.52097317355083,1,15
2,5.84627304553344,1,15
2.5,5.9966320150354,1,15
3,5.8565424895632,1,15
3.5,5.77444685796205,1,15
4,5.87442467570381,1,15
4.5,6.00689968160438,1,15
5,5.88270903967054,1,15
5.5,5.50941888530553,1,15
6,6.12283477880668,1,15
6.5,5.72615306869669,1,15
7,6.18746667228168,1,15
7.5,5.77929265638872,1,15
8,5.92027387802547,1,15
8.5,5.73293417878135,1,15
9,5.64631749414154,1,15
9.5,5.6260226305631,1,15
10,5.32320375337294,1,15
10.5,5.64609504972034,1,15
11,5.67107631942161,1,15
11.5,5.73725147012472,1,15
12,5.57053462328384,1,15
12.5,5.61405513454553,1,15
13,5.55130636915399,1,15
13.5,5.4766892857232,1,15
14,5.33514671262437,1,15
14.5,5.516080785914,1,15
15,5.2434257530603,1,15
15.5,5.30588945525994,1,15
16,5.52933050264082,1,15
16.5,5.46851491784176,1,15
17,5.05113443548964,1,15
17.5,5.20949855950091,1,15
18,5.40798953148697,1,15
18.5,5.21322805855331,1,15
19,5.75486405340128,1,15
19.5,5.31087379675695,1,15
20,5.395233892231,1,15
20.5,5.10246623074768,1,15
21,5.02460838229039,1,15
21.5,5.37768333600148,1,15
22,5.23104864973337,1,15
22.5,5.44834873539192,1,15
23,5.10644768410725,1,15
23.5,5.00072691548696,1,15
24,5.07081915207605,1,15
24.5,4.91722275151933,1,15
25,5.27927544101842,1,15
25.5,5.23203687878646,1,15
26,4.89569997036269,1,15
26.5,5.03083327392979,1,15
27,4.97069431861333,1,15
27.5,5.124124564259,1,15
28,4.89755473811058,1,15
28.5,4.79603034076929,1,15
29,4.76318308097732,1,15
29.5,4.97198989727286,1,15
30,4.76146123871218,1,15
0,5.96078961367223,1,16
0.5,6.78604452399201,1,16
1,7.06666336810108,1,16
1.5,6.93227596918818,1,16
2,6.86232672529365,1,16
2.5,7.24278560685967,1,16
3,6.98465387305681,1,16
3.5,7.10734701804392,1,16
4,7.04099218058026,1,16
4.5,7.01428894153412,1,16
5,6.8806044924048,1,16
5.5,6.71509771465599,1,16
6,7.00865725399083,1,16
6.5,7.21789296010983,1,16
7,6.6264970380178,1,16
7.5,6.88801919102233,1,16
8,6.74822489776183,1,16
8.5,6.6644029199232,1,16
9,6.83577789389842,1,16
9.5,7.05581049507141,1,16
10,6.76872594056645,1,16
10.5,6.35568469334685,1,16
11,6.62656604544353,1,16
11.5,6.31316822850391,1,16
12,6.74976855141312,1,16
12.5,6.62784804853453,1,16
13,6.51883754980517,1,16
13.5,6.27802467257379,1,16
14,6.52990708645887,1,16
14.5,6.46171816552938,1,16
15,6.50486336959636,1,16
15.5,6.06154500563749,1,16
16,6.30540606834049,1,16
16.5,6.21275874522191,1,16
17,5.98943343125684,1,16
17.5,6.09987828076301,1,16
18,5.80390283531207,1,16
18.5,5.87434730193554,1,16
19,6.12129046120052,1,16
19.5,6.11185416371467,1,16
20,5.80274586084786,1,16
20.5,6.08322022648545,1,16
21,5.62626669886776,1,16
21.5,5.52290893816703,1,16
22,5.53890696586914,1,16
22.5,5.57142305920675,1,16
23,5.95952560096405,1,16
23.5,5.63226391362075,1,16
24,5.82536527255651,1,16
24.5,5.76903699591994,1,16
25,5.52782635016139,1,16
25.5,5.38512834313447,1,16
26,5.602658360925,1,16
26.5,5.03886804750206,1,16
27,5.5385550821349,1,16
27.5,5.13326744153479,1,16
28,5.67602832992747,1,16
28.5,5.02409768862362,1,16
29,4.77750404165521,1,16
29.5,5.20473256328271,1,16
30,5.29006805846686,1,16
0,5.56998257692911,1,17
0.5,6.80081009502313,1,17
1,6.65501748810825,1,17
1.5,6.86385132045551,1,17
2,7.25262355519344,1,17
2.5,7.16006861292899,1,17
3,7.60721310615972,1,17
3.5,6.99772216473285,1,17
4,7.19351971824663,1,17
4.5,7.08605259808559,1,17
5,7.30147414089541,1,17
5.5,7.30606332070345,1,17
6,7.42350763380179,1,17
6.5,7.2276815878265,1,17
7,7.31131092976339,1,17
7.5,7.05526195526494,1,17
8,7.30710429399481,1,17
8.5,7.22985155111011,1,17
9,7.1369153738631,1,17
9.5,7.0443123420363,1,17
10,7.18905400682086,1,17
10.5,7.25437565761031,1,17
11,6.77495770325074,1,17
11.5,7.2171248283049,1,17
12,7.00924152480989,1,17
12.5,6.97111525853297,1,17
13,7.13426352461352,1,17
13.5,7.48699042994284,1,17
14,7.09413360479151,1,17
14.5,6.92979744175965,1,17
15,7.14715440890053,1,17
15.5,7.01109490514289,1,17
16,7.00784326577267,1,17
16.5,7.10843171424051,1,17
17,6.73224347673839,1,17
17.5,6.45935762382117,1,17
18,6.94840966578643,1,17
18.5,6.72887364294747,1,17
19,6.80702477331949,1,17
19.5,6.73064964314322,1,17
20,6.63468609816154,1,17
20.5,6.26109746715085,1,17
21,6.62337791949034,1,17
21.5,6.69695338259134,1,17
22,6.22875042166725,1,17
22.5,6.62125590862743,1,17
23,6.16338349702709,1,17
23.5,6.49178565623317,1,17
24,6.22856668893481,1,17
24.5,6.05758083465272,1,17
25,6.2405043229611,1,17
25.5,6.21665879707333,1,17
26,6.55919496761543,1,17
26.5,6.30258786070921,1,17
27,6.37791276369615,1,17
27.5,6.31278105149527,1,17
28,6.21141730468699,1,17
28.5,6.21644093256029,1,17
29,6.22215949624283,1,17
29.5,6.4457820851807,1,17
30,5.86465380650106,1,17
0,5.55588394062727,1,18
0.5,6.19619643621833,1,18
1,6.48286808408031,1,18
1.5,6.631529226991,1,18
2,6.44526034106951,1,18
2.5,6.69085231315219,1,18
3,6.90201759343276,1,18
3.5,6.39701156647944,1,18
4,6.89510550038734,1,18
4.5,6.80980416463734,1,18
5,6.57591135928615,1,18
5.5,6.63222469371296,1,18
6,6.59616279642681,1,18
6.5,6.77211057333239,1,18
7,6.71371785292072,1,18
7.5,6.55452041747811,1,18
8,6.5187283181646,1,18
8.5,6.57079287636168,1,18
9,6.52459888408076,1,18
9.5,6.35462878768603,1,18
10,6.49044695223645,1,18
10.5,6.25649160845111,1,18
11,6.65016820614875,1,18
11.5,6.44159856811216,1,18
12,6.35515418087218,1,18
12.5,6.49169426850732,1,18
13,6.17865955204753,1,18
13.5,6.15208616910615,1,18
14,6.76342887189227,1,18
14.5,6.26025522289677,1,18
15,6.60967848781528,1,18
15.5,6.45723811743613,1,18
16,5.86446899313575,1,18
16.5,6.3949053437078,1,18
17,6.1230392658822,1,18
17.5,6.15572266195711,1,18
18,5.91861778229886,1,18
18.5,6.24499216404563,1,18
19,6.12483494361568,1,18
19.5,6.03303548301189,1,18
20,5.96492066125672,1,18
20.5,6.01009988929207,1,18
21,5.96996734568083,1,18
21.5,6.20909276737534,1,18
22,5.97135304250417,1,18
22.5,5.75224417849936,1,18
23,6.20346606095764,1,18
23.5,5.71834182875855,1,18
24,5.8183900287749,1,18
24.5,5.68002629766319,1,18
25,5.5863860695497,1,18
25.5,5.65022728134926,1,18
26,5.59219672675221,1,18
26.5,5.8141434533635,1,18
27,5.70104911724834,1,18
27.5,5.77761133543637,1,18
28,5.53915010568007,1,18
28.5,5.71114350106512,1,18
29,5.62008877517711,1,18
29.5,5.68021203431004,1,18
30,5.97447442219634,1,18
0,6.32639989669647,1,19
0.5,6.97673198539047,1,19
1,7.25201523369012,1,19
1.5,7.3777847103271,1,19
2,7.22901339187652,1,19
2.5,7.64899102148583,1,19
3,7.30417961420275,1,19
3.5,7.51744583791031,1,19
4,7.2671467293386,1,19
4.5,7.1930969523956,1,19
5,7.08315635054897,1,19
5.5,7.46917318670595,1,19
6,7.11107675148961,1,19
6.5,7.20181433496255,1,19
7,7.37473467164408,1,19
7.5,7.50805042570336,1,19
8,7.26268238730212,1,19
8.5,7.20029156371969,1,19
9,7.40115126080637,1,19
9.5,7.48320199137633,1,19
10,6.95694785653197,1,19
10.5,7.22692673185437,1,19
11,7.1319652086208,1,19
11.5,7.02544014490543,1,19
12,7.44320207900936,1,19
12.5,7.22104678697814,1,19
13,6.75581306194268,1,19
13.5,7.12157087493231,1,19
14,6.67063500621584,1,19
14.5,7.28081989312222,1,19
15,6.82137901811815,1,19
15.5,6.9484246898031,1,19
16,6.68179840329656,1,19
16.5,6.76192656171739,1,19
17,6.77243919832782,1,19
17.5,6.53789465248345,1,19
18,6.45215835639845,1,19
18.5,6.85693224686094,1,19
19,6.56347302955232,1,19
19.5,6.82641426574334,1,19
20,6.79495291074636,1,19
20.5,6.52413984964742,1,19
21,6.43227496719036,1,19
21.5,6.42009172433206,1,19
22,6.56976155342379,1,19
22.5,6.47531774451277,1,19
23,6.89340893395778,1,19
23.5,6.31260808150774,1,19
24,6.42369354458375,1,19
24.5,6.55428757730727,1,19
25,6.58325180279611,1,19
25.5,6.35926153008031,1,19
26,5.97005253879012,1,19
26.5,6.82777248255316,1,19
27,5.90487757726916,1,19
27.5,5.95750925384242,1,19
28,6.250047408559,1,19
28.5,6.1828030411516,1,19
29,6.62244949112025,1,19
29.5,6.14566496911713,1,19
30,6.46533955576995,1,19
0,6.12754860719536,1,20
0.5,6.35068480180507,1,20
1,6.68219419274863,1,20
1.5,6.96847971349418,1,20
2,6.90382787838156,1,20
2.5,7.19020680690017,1,20
3,6.7222186490051,1,20
3.5,6.83842926984724,1,20
4,7.18655745133946,1,20
4.5,6.9432495341082,1,20
5,7.15248631630678,1,20
5.5,6.63002203254205,1,20
6,6.58378324861398,1,20
6.5,6.8660316739519,1,20
7,6.7779845908966,1,20
7.5,6.35438627792019,1,20
8,6.41358398945351,1,20
8.5,6.53057029229488,1,20
9,6.68988166456807,1,20
9.5,6.82112557933555,1,20
10,6.99308115589721,1,20
10.5,6.77037896855559,1,20
11,6.30290257382106,1,20
11.5,6.60385532153942,1,20
12,6.59109013266399,1,20
12.5,6.20080533396782,1,20
13,6.36678155036675,1,20
13.5,5.82031342839749,1,20
14,6.13237232804634,1,20
14.5,5.93598783529466,1,20
15,5.94975181905668,1,20
15.5,6.05079780272326,1,20
16,5.76313194467721,1,20
16.5,5.84459652344623,1,20
17,6.01373267570434,1,20
17.5,6.05039618338117,1,20
18,5.79014643270059,1,20
18.5,6.05147382947881,1,20
19,5.97340941567568,1,20
19.5,5.66374086977074,1,20
20,5.55617085151432,1,20
20.5,5.47505043351708,1,20
21,5.818326140767,1,20
21.5,5.43523421932939,1,20
22,5.66780231210594,1,20
22.5,5.59372508578346,1,20
23,5.55582508891523,1,20
23.5,5.64555507150756,1,20
24,5.59504975582955,1,20
24.5,5.40474281711876,1,20
25,5.41720368407834,1,20
25.5,5.36316037697265,1,20
26,5.82715776286991,1,20
26.5,5.08828071783596,1,20
27,5.01222916508702,1,20
27.5,5.3549020863832,1,20
28,5.71101209936671,1,20
28.5,5.19805657937849,1,20
29,5.15591627911898,1,20
29.5,5.24608330662501,1,20
30,4.87290281491942,1,20
0,5.50073518557773,1,21
0.5,6.52240874483279,1,21
1,6.47686530675333,1,21
1.5,6.57723781668795,1,21
2,6.67116616128379,1,21
2.5,6.80941059917437,1,21
3,6.85940842925194,1,21
3.5,6.95954036104333,1,21
4,7.08208700455169,1,21
4.5,7.07665567447356,1,21
5,7.32619209152728,1,21
5.5,6.93057427470018,1,21
6,7.29394088172179,1,21
6.5,6.95137123716732,1,21
7,7.24827243025952,1,21
7.5,7.37665326337058,1,21
8,6.69787699773789,1,21
8.5,6.85345396434562,1,21
9,6.91696496733718,1,21
9.5,6.90351477786553,1,21
10,7.02680887170111,1,21
10.5,7.01062123491585,1,21
11,6.67667041357156,1,21
11.5,6.74686400584769,1,21
12,7.25354258895231,1,21
12.5,6.43682580032157,1,21
13,6.96202469050543,1,21
13.5,6.53403322241767,1,21
14,6.89874978967052,1,21
14.5,6.48065954662665,1,21
15,6.75028726375555,1,21
15.5,6.80987714285411,1,21
16,6.44889521348251,1,21
16.5,6.51886945728169,1,21
17,6.41480980683675,1,21
17.5,6.49238254835453,1,21
18,6.39250120506573,1,21
18.5,6.5218938283185,1,21
19,6.4907089020191,1,21
19.5,6.38055014981477,1,21
20,6.04485980964296,1,21
20.5,6.39767528163084,1,21
21,6.40882022289224,1,21
21.5,6.11377633373812,1,21
22,6.51843234254485,1,21
22.5,6.24600142518768,1,21
23,6.4022785448463,1,21
23.5,6.44897792042317,1,21
24,5.97528750131021,1,21
24.5,6.33696070802555,1,21
25,5.87032047956339,1,21
25.5,5.92484476874119,1,21
26,6.07616639253339,1,21
26.5,6.02716183536886,1,21
27,5.63191120047219,1,21
27.5,5.92323748654611,1,21
28,5.53089694733905,1,21
28.5,6.10620173444411,1,21
29,5.50447861320302,1,21
29.5,5.73009333161827,1,21
30,5.65579626635053,1,21
0,5.4500833358792,1,22
0.5,5.85974180876206,1,22
1,6.54417083786213,1,22
1.5,6.44041593687657,1,22
2,6.70540658476285,1,22
2.5,6.50664877246296,1,22
3,6.53745667787188,1,22
3.5,6.55673880832101,1,22
4,7.01922763968167,1,22
4.5,6.80893160974275,1,22
5,6.66757790701644,1,22
5.5,6.96346084288881,1,22
6,6.6890550554931,1,22
6.5,6.5825052431308,1,22
7,6.7227719233967,1,22
7.5,6.505498200506,1,22
8,6.47667342699774,1,22
8.5,6.69040250332948,1,22
9,6.59136573705933,1,22
9.5,6.90460874950124,1,22
10,6.3195291292151,1,22
10.5,6.93878086160901,1,22
11,6.5013634828652,1,22
11.5,6.47167016723643,1,22
12,6.71639832656401,1,22
12.5,6.45158255567236,1,22
13,6.94780091672062,1,22
13.5,6.49528184457468,1,22
14,6.41653975835138,1,22
14.5,6.8589161820768,1,22
15,6.27963785876777,1,22
15.5,6.33340112912299,1,22
16,6.36953814072163,1,22
16.5,6.01921174811731,1,22
17,6.44662766829398,1,22
17.5,5.9157001575667,1,22
18,6.07768430191864,1,22
18.5,6.28771379727956,1,22
19,6.04236398201589,1,22
19.5,6.51327583161338,1,22
20,5.91471959928733,1,22
20.5,6.06458050259595,1,22
21,5.81652283203622,1,22
21.5,6.24295291966426,1,22
22,6.09821050090269,1,22
22.5,6.29025466355985,1,22
23,6.27815589032388,1,22
23.5,5.80238198285265,1,22
24,5.99768953545368,1,22
24.5,5.39888635777509,1,22
25,6.17771812510001,1,22
25.5,5.90885267514273,1,22
26,6.23769778586951,1,22
26.5,6.09627241596876,1,22
27,5.66707009220796,1,22
27.5,5.88401402628972,1,22
28,5.97254647628765,1,22
28.5,5.90725812443933,1,22
29,5.82043051080617,1,22
29.5,5.88846864941394,1,22
30,5.62556739070268,1,22
0,5.54414928363531,1,23
0.5,6.02823598868562,1,23
1,6.3981165690507,1,23
1.5,6.25733820370386,1,23
2,6.5565599528387,1,23
2.5,6.61761149613211,1,23
3,6.40551088823821,1,23
3.5,6.77205249985647,1,23
4,7.1529835790022,1,23
4.5,6.79769532228272,1,23
5,6.69081248346351,1,23
5.5,6.98841761447896,1,23
6,7.29604857119296,1,23
6.5,6.75350425856671,1,23
7,6.76638802532374,1,23
7.5,6.34637814772196,1,23
8,6.81697339210994,1,23
8.5,6.84048678115793,1,23
9,6.85441447740548,1,23
9.5,6.32133236820228,1,23
10,6.38304668331799,1,23
10.5,6.68002124681167,1,23
11,6.4199509322416,1,23
11.5,6.85271779125952,1,23
12,6.8190448583578,1,23
12.5,6.47174747816983,1,23
13,6.47181668712726,1,23
13.5,6.72015653849694,1,23
14,6.60751830081967,1,23
14.5,6.55450353928143,1,23
15,7.02749001124169,1,23
15.5,6.4597566193503,1,23
16,6.43998797496079,1,23
16.5,6.54683930247645,1,23
17,6.7315868567773,1,23
17.5,6.08903457235655,1,23
18,6.22299682464852,1,23
18.5,6.29905969576463,1,23
19,6.55126014156039,1,23
19.5,5.88479130132553,1,23
20,6.26527032777761,1,23
20.5,6.18423282228083,1,23
21,6.59335351920823,1,23
21.5,6.69031860598096,1,23
22,6.31641676683365,1,23
22.5,6.19549223793639,1,23
23,6.12804521962265,1,23
23.5,6.36218716231967,1,23
24,6.13135618998928,1,23
24.5,6.41984847372423,1,23
25,6.26301809134699,1,23
25.5,6.36660927233621,1,23
26,5.96843441915287,1,23
26.5,6.49580354001957,1,23
27,6.21192879065614,1,23
27.5,6.14739276911403,1,23
28,6.07164259027089,1,23
28.5,5.99596861237592,1,23
29,6.19125291503074,1,23
29.5,5.30604831521502,1,23
30,6.1258017548698,1,23
0,5.98372441903551,1,24
0.5,6.49868706203136,1,24
1,6.62450795585261,1,24
1.5,6.47972272191643,1,24
2,6.90535531625654,1,24
2.5,7.11129488473046,1,24
3,7.16669666346877,1,24
3.5,7.00959403056427,1,24
4,7.42750977761028,1,24
4.5,7.25436939721438,1,24
5,6.85722672175533,1,24
5.5,7.26918826748698,1,24
6,6.9839476032346,1,24
6.5,7.487753510768,1,24
7,7.37510649903324,1,24
7.5,7.19490895585517,1,24
8,7.46991749027281,1,24
8.5,7.29206017607172,1,24
9,7.10671753098433,1,24
9.5,7.18387964518203,1,24
10,7.35989243273525,1,24
10.5,7.04326735530935,1,24
11,6.97099299014443,1,24
11.5,6.87544926195488,1,24
12,6.52438801173395,1,24
12.5,7.22152266307519,1,24
13,7.04974383385997,1,24
13.5,6.78475820343562,1,24
14,7.00568365361455,1,24
14.5,6.67600613413359,1,24
15,7.06740153427289,1,24
15.5,6.63123805399626,1,24
16,7.12950856398407,1,24
16.5,6.91535169194111,1,24
17,6.89485419344949,1,24
17.5,6.54822499061013,1,24
18,6.45988631464023,1,24
18.5,6.9480186374084,1,24
19,7.24062411444051,1,24
19.5,6.78715716500982,1,24
20,6.43208200949767,1,24
20.5,6.86192870094886,1,24
21,6.74472837235941,1,24
21.5,6.98588916064615,1,24
22,6.51070568134021,1,24
22.5,6.53223243493087,1,24
23,6.79100170394812,1,24
23.5,6.56734740748101,1,24
24,6.71151085472464,1,24
24.5,6.29680600475203,1,24
25,6.68370207419584,1,24
25.5,6.54550963999672,1,24
26,6.58264495877127,1,24
26.5,6.606937494247,1,24
27,6.36032766196988,1,24
27.5,6.32730368338653,1,24
28,6.57492349596833,1,24
28.5,6.4400323371579,1,24
29,6.3125817182019,1,24
29.5,6.23545641925602,1,24
30,6.33348988963531,1,24
0,5.1896235933605,1,25
0.5,5.94798807836926,1,25
1,6.57645028444159,1,25
1.5,6.55092738710522,1,25
2,6.61540346410708,1,25
2.5,6.479658687951,1,25
3,6.67206975444602,1,25
3.5,6.45902183553548,1,25
4,6.61013760490554,1,25
4.5,6.9283249279688,1,25
5,6.46310017942804,1,25
5.5,6.57349340819155,1,25
6,6.24790390123677,1,25
6.5,6.07563630421779,1,25
7,6.17769624488997,1,25
7.5,6.22416210178282,1,25
8,6.40025658003003,1,25
8.5,6.28010981572062,1,25
9,6.70566762830391,1,25
9.5,6.61582188865968,1,25
10,6.06040357770223,1,25
10.5,6.58471781118413,1,25
11,6.28274060837636,1,25
11.5,6.25661032798841,1,25
12,6.16653864390784,1,25
12.5,6.37078015090323,1,25
13,6.51844332165677,1,25
13.5,6.15391171952279,1,25
14,5.77372269475724,1,25
14.5,6.06187557667838,1,25
15,6.12439089957563,1,25
15.5,5.90007684729699,1,25
16,5.813751355289,1,25
16.5,6.25417454699075,1,25
17,6.01472013748853,1,25
17.5,5.88339901027529,1,25
18,5.9130872387932,1,25
18.5,6.0277799266975,1,25
19,6.27382599314635,1,25
19.5,5.95831034884019,1,25
20,6.19482279302884,1,25
20.5,5.9050034684393,1,25
21,5.84483709271882,1,25
21.5,5.83579019826932,1,25
22,6.19343837897251,1,25
22.5,6.1940148617078,1,25
23,6.16213707074299,1,25
23.5,6.10119403915944,1,25
24,5.91407465262551,1,25
24.5,6.15152345833162,1,25
25,5.79804584884595,1,25
25.5,5.71438893815315,1,25
26,5.73630630847135,1,25
26.5,5.92490996179853,1,25
27,5.51595116751941,1,25
27.5,5.85990096758394,1,25
28,6.00958343001189,1,25
28.5,6.2030983462728,1,25
29,5.69378837855454,1,25
29.5,5.92041949525565,1,25
30,5.59579801182014,1,25
0,6.18168366062781,1,26
0.5,6.41326416340228,1,26
1,6.35149020000016,1,26
1.5,6.74806029778245,1,26
2,6.85574955017902,1,26
2.5,6.4880440865407,1,26
3,7.09342677137445,1,26
3.5,6.97240029904556,1,26
4,7.09342829613527,1,26
4.5,7.14669046553864,1,26
5,6.96006484539592,1,26
5.5,6.95134269597504,1,26
6,6.95094752191274,1,26
6.5,6.88293253112419,1,26
7,6.38105338144795,1,26
7.5,6.79909692809407,1,26
8,6.89280940839491,1,26
8.5,6.67710093377058,1,26
9,6.73075289924837,1,26
9.5,6.99587166754419,1,26
10,6.23541917510002,1,26
10.5,6.77123053398457,1,26
11,6.6594862731962,1,26
11.5,6.34020196303937,1,26
12,6.89977299932411,1,26
12.5,6.47073797024309,1,26
13,6.72866050750297,1,26
13.5,6.19943756057282,1,26
14,6.733493052647,1,26
14.5,6.26543864807314,1,26
15,6.6656204858082,1,26
15.5,6.07691688512212,1,26
16,6.39415960120518,1,26
16.5,6.31775153285673,1,26
17,6.66897193255799,1,26
17.5,6.12912722748879,1,26
18,5.97007566747611,1,26
18.5,6.28091234002251,1,26
19,6.26154645170019,1,26
19.5,6.14532921113695,1,26
20,6.16436195031454,1,26
20.5,6.14097553393821,1,26
21,6.32019897083325,1,26
21.5,6.04305444459172,1,26
22,6.24341423151032,1,26
22.5,5.69860273739468,1,26
23,6.21448774600463,1,26
23.5,5.8389975673753,1,26
24,6.1092558164361,1,26
24.5,5.7278840767456,1,26
25,5.84446339636651,1,26
25.5,5.58155029295928,1,26
26,5.6499785967482,1,26
26.5,6.01109335269903,1,26
27,5.95530895897681,1,26
27.5,5.82762732362486,1,26
28,6.05599400191318,1,26
28.5,5.81287426375723,1,26
29,5.74146767108128,1,26
29.5,5.37254950482593,1,26
30,5.70194441727654,1,26
0,5.68620000475295,1,27
0.5,6.15057036964369,1,27
1,6.46811825614966,1,27
1.5,6.63573251849564,1,27
2,6.79162450384765,1,27
2.5,6.65429582887887,1,27
3,6.49156945775845,1,27
3.5,6.62038768391449,1,27
4,6.88003225572158,1,27
4.5,6.42755989405864,1,27
5,6.52580078072573,1,27
5.5,7.06208708993373,1,27
6,6.61437716564217,1,27
6.5,7.08429389468638,1,27
7,6.5372358032573,1,27
7.5,6.57976685322887,1,27
8,6.42752372428761,1,27
8.5,6.67582943480932,1,27
9,6.52711945280147,1,27
9.5,6.06366257592631,1,27
10,6.17826988042477,1,27
10.5,6.14170503197461,1,27
11,6.25225419087511,1,27
11.5,6.5158960447925,1,27
12,6.07095920267405,1,27
12.5,5.94604398736657,1,27
13,5.94567853448461,1,27
13.5,6.50006769855874,1,27
14,6.30128156360587,1,27
14.5,5.95015594332076,1,27
15,5.66376646212,1,27
15.5,6.26019473292071,1,27
16,6.39410543464937,1,27
16.5,6.1185571313255,1,27
17,6.07227211331103,1,27
17.5,6.14185731996353,1,27
18,6.0084065806898,1,27
18.5,5.83140883519237,1,27
19,5.51170183180966,1,27
19.5,5.7581041255715,1,27
20,6.07554378394154,1,27
20.5,5.80591011862068,1,27
21,5.72783444596601,1,27
21.5,5.51117813153456,1,27
22,5.87566576668017,1,27
22.5,5.57266273854591,1,27
23,5.47592183153615,1,27
23.5,5.51901478549126,1,27
24,5.54567475632317,1,27
24.5,5.56570875278381,1,27
25,5.24744080350808,1,27
25.5,5.70747324203327,1,27
26,5.51352529765633,1,27
26.5,5.84417516083994,1,27
27,5.41282501351966,1,27
27.5,5.2856864948822,1,27
28,5.39800093504875,1,27
28.5,5.11904459094994,1,27
29,5.04775618802692,1,27
29.5,4.95484652020464,1,27
30,5.0548423607403,1,27
0,5.2067933788763,1,28
0.5,5.38834017302144,1,28
1,5.93902555492441,1,28
1.5,6.10840835265262,1,28
2,6.53921152946306,1,28
2.5,6.03081279826042,1,28
3,6.25759946017291,1,28
3.5,6.51780031069619,1,28
4,6.28088641474783,1,28
4.5,6.66533374250798,1,28
5,6.55487075052787,1,28
5.5,6.61348599369938,1,28
6,6.81428420378429,1,28
6.5,6.62059930440541,1,28
7,6.87789657820167,1,28
7.5,6.84441389813999,1,28
8,6.45740995323496,1,28
8.5,6.42884318976417,1,28
9,6.33729454786827,1,28
9.5,6.52650321563933,1,28
10,6.89037147092944,1,28
10.5,6.23453222356094,1,28
11,6.14386734783703,1,28
11.5,6.39123591065675,1,28
12,6.25785673791993,1,28
12.5,6.12328505419488,1,28
13,6.29856378219881,1,28
13.5,6.20518635410745,1,28
14,6.08679425498249,1,28
14.5,6.30862391838458,1,28
15,6.06105587083552,1,28
15.5,6.05716513445831,1,28
16,6.52600484351184,1,28
16.5,6.44067627532064,1,28
17,6.04470298519073,1,28
17.5,6.25202243429323,1,28
18,6.34404544550371,1,28
18.5,5.88458452286906,1,28
19,6.30955302550734,1,28
19.5,6.07285757773424,1,28
20,5.94276324557359,1,28
20.5,5.90703358813985,1,28
21,5.6617022996062,1,28
21.5,5.78269147707389,1,28
22,6.07809281014762,1,28
22.5,5.73231471145471,1,28
23,5.61814232958799,1,28
23.5,5.98760854276637,1,28
24,5.4248761178476,1,28
24.5,5.33421409189628,1,28
25,5.62050908133504,1,28
25.5,5.41533766298012,1,28
26,5.28322559132047,1,28
26.5,5.34370785468367,1,28
27,5.27116531293099,1,28
27.5,5.82232845718355,1,28
28,5.41724082674198,1,28
28.5,5.33224143680009,1,28
29,5.17368317348479,1,28
29.5,5.15930580958736,1,28
30,5.31998344804096,1,28
0,5.5499680600872,1,29
0.5,6.22248737628504,1,29
1,6.69390824150745,1,29
1.5,6.56536892503157,1,29
2,6.80572252239453,1,29
2.5,6.68522275827356,1,29
3,6.76520051194874,1,29
3.5,7.03080808212394,1,29
4,7.07803877064814,1,29
4.5,6.70429114255282,1,29
5,7.06346528591276,1,29
5.5,6.93492608414333,1,29
6,7.04036505698268,1,29
6.5,7.25442946257872,1,29
7,6.71314754357009,1,29
7.5,6.89975841602731,1,29
8,6.68425180492329,1,29
8.5,6.51772849477998,1,29
9,7.12272140638481,1,29
9.5,6.94371835226119,1,29
10,6.8243492332604,1,29
10.5,6.42748809340983,1,29
11,6.58318920204018,1,29
11.5,6.89273308455388,1,29
12,6.86731854767105,1,29
12.5,6.64252445239075,1,29
13,6.79218393121561,1,29
13.5,6.48901808796599,1,29
14,6.42566561168892,1,29
14.5,6.86705223388739,1,29
15,6.32265993676551,1,29
15.5,6.29056005417269,1,29
16,6.47789163795496,1,29
16.5,6.17555506151338,1,29
17,6.50138773303767,1,29
17.5,6.13346156375798,1,29
18,6.41270835300489,1,29
18.5,6.44911637606927,1,29
19,6.59039074199747,1,29
19.5,6.68104934252333,1,29
20,6.41506114439372,1,29
20.5,6.39178409657897,1,29
21,6.40732885017163,1,29
21.5,5.85451497859849,1,29
22,6.27591552737271,1,29
22.5,6.64598328822458,1,29
23,6.1216696963415,1,29
23.5,6.10935811282981,1,29
24,6.0733472748723,1,29
24.5,6.25878411259103,1,29
25,6.00740080186206,1,29
25.5,6.43494369727952,1,29
26,5.60489181096492,1,29
26.5,5.81777952682344,1,29
27,5.66458491772025,1,29
27.5,5.77214464978342,1,29
28,6.07331280957645,1,29
28.5,6.1130964846091,1,29
29,5.95225069670941,1,29
29.5,5.67126807799541,1,29
30,6.16763226158538,1,29
0,5.62384675794157,1,30
0.5,6.23079418222401,1,30
1,6.45042025185533,1,30
1.5,6.44946493259073,1,30
2,6.78199156554749,1,30
2.5,6.62466336939168,1,30
3,6.79945742295481,1,30
3.5,6.86272730385814,1,30
4,6.58942179961735,1,30
4.5,6.22347783741424,1,30
5,6.24967107006183,1,30
5.5,6.44587916101923,1,30
6,6.49308899891737,1,30
6.5,6.27482683287963,1,30
7,6.23132637027928,1,30
7.5,6.35059580381698,1,30
8,6.27731008071422,1,30
8.5,6.32257648368254,1,30
9,5.93851571116538,1,30
9.5,6.12584804529923,1,30
10,6.09669637824666,1,30
10.5,6.04034945696104,1,30
11,6.21475919585077,1,30
11.5,6.1795992768728,1,30
12,5.95733889928655,1,30
12.5,5.91984346606523,1,30
13,5.84959878189566,1,30
13.5,6.03544528720215,1,30
14,5.75395835481115,1,30
14.5,6.04664203647524,1,30
15,6.00123198377342,1,30
15.5,5.91435052441037,1,30
16,5.69790921317765,1,30
16.5,5.89682255137309,1,30
17,5.67349535115039,1,30
17.5,5.2469351403912,1,30
18,5.26398106199359,1,30
18.5,5.56717524811652,1,30
19,5.06493680364751,1,30
19.5,5.36796686499206,1,30
20,5.66203812282146,1,30
20.5,5.61241539572381,1,30
21,5.13511387339531,1,30
21.5,5.41262965907713,1,30
22,5.55124062279222,1,30
22.5,5.12396581276944,1,30
23,4.86281011400401,1,30
23.5,5.077032144417,1,30
24,5.01004945700841,1,30
24.5,4.94913347391754,1,30
25,5.10792171268485,1,30
25.5,4.82267387846607,1,30
26,4.91904807780757,1,30
26.5,5.0814734660918,1,30
27,4.54778810984553,1,30
27.5,4.6560242923467,1,30
28,4.44233557471662,1,30
28.5,4.61605832544079,1,30
29,4.58157468997862,1,30
29.5,4.57973900626006,1,30
30,4.82932623563877,1,30
0,5.35220249251743,1,31
0.5,6.23983699198537,1,31
1,6.42386451657101,1,31
1.5,6.70560643081134,1,31
2,6.88694131062768,1,31
2.5,6.77622630533929,1,31
3,6.98063132665714,1,31
3.5,7.05892471082867,1,31
4,6.63780095533204,1,31
4.5,6.92931835527785,1,31
5,7.18111645147165,1,31
5.5,7.43272237352791,1,31
6,6.93300578225036,1,31
6.5,7.04224506921938,1,31
7,6.84447771084667,1,31
7.5,6.8879807390213,1,31
8,6.6895396165123,1,31
8.5,6.82548298003788,1,31
9,7.00254640738863,1,31
9.5,7.01032459371183,1,31
10,7.16052239914491,1,31
10.5,6.96310521762641,1,31
11,6.71584648342111,1,31
11.5,6.56398332111945,1,31
12,6.68673337193315,1,31
12.5,6.68914471172782,1,31
13,6.80370854418903,1,31
13.5,6.15266176755258,1,31
14,6.47062889498962,1,31
14.5,6.39112362399865,1,31
15,6.69331204075343,1,31
15.5,6.46213639104678,1,31
16,6.30270529207904,1,31
16.5,6.28633906089421,1,31
17,6.38232007887785,1,31
17.5,6.02748031334679,1,31
18,6.06737030790381,1,31
18.5,6.28666175417496,1,31
19,6.28825800177408,1,31
19.5,6.14764796055309,1,31
20,6.02896696936002,1,31
20.5,6.43407779662406,1,31
21,5.76726958703571,1,31
21.5,6.0189690009983,1,31
22,5.90322883848784,1,31
22.5,5.41339923890349,1,31
23,6.31785240222046,1,31
23.5,5.68788565793345,1,31
24,5.96124749096362,1,31
24.5,5.55220221712588,1,31
25,5.24204760971487,1,31
25.5,5.55852231058563,1,31
26,5.68732698984574,1,31
26.5,5.69933145029937,1,31
27,5.48496528927868,1,31
27.5,5.27917853193094,1,31
28,5.40730402789445,1,31
28.5,5.42393333123648,1,31
29,5.36563563326661,1,31
29.5,5.36728818426076,1,31
30,5.17604396057266,1,31
0,6.07768906425701,1,32
0.5,6.60055129256522,1,32
1,6.57696902921285,1,32
1.5,7.07658943439333,1,32
2,7.21071557803643,1,32
2.5,7.1900279922166,1,32
3,7.67334095189405,1,32
3.5,7.76690403981007,1,32
4,7.49916438121807,1,32
4.5,7.32248991252464,1,32
5,7.41086128836176,1,32
5.5,7.58785835475378,1,32
6,7.54735290755366,1,32
6.5,8.12030764101679,1,32
7,7.54591871129924,1,32
7.5,7.84654462729267,1,32
8,8.01185323283969,1,32
8.5,7.94141441564048,1,32
9,7.67768144942676,1,32
9.5,7.51483013709849,1,32
10,7.57433682713448,1,32
10.5,7.73544726029328,1,32
11,7.59819342854877,1,32
11.5,7.2891915757892,1,32
12,7.75695575078899,1,32
12.5,7.44766953147922,1,32
13,7.68308999838606,1,32
13.5,7.5825276894925,1,32
14,7.72278061249012,1,32
14.5,7.18168866919125,1,32
15,7.58271808497696,1,32
15.5,7.33126775881217,1,32
16,7.43470508920079,1,32
16.5,7.10368924906553,1,32
17,7.27583257680195,1,32
17.5,7.4344537493428,1,32
18,7.52002634233714,1,32
18.5,7.35765038724854,1,32
19,7.43659578217439,1,32
19.5,7.276763020215,1,32
20,7.24268257718105,1,32
20.5,7.31525164891117,1,32
21,6.79629420732302,1,32
21.5,7.33250443609753,1,32
22,7.31718700534839,1,32
22.5,7.06818987751184,1,32
23,7.0744242283089,1,32
23.5,7.24287337222851,1,32
24,7.39138558394069,1,32
24.5,7.11913350419981,1,32
25,7.56412027239004,1,32
25.5,7.04847817502234,1,32
26,7.15265083791951,1,32
26.5,7.08349541468046,1,32
27,7.13407828458263,1,32
27.5,7.19909826153489,1,32
28,7.06977788452948,1,32
28.5,7.30436901101152,1,32
29,6.76145980079807,1,32
29.5,6.72468404273704,1,32
30,6.98272753771683,1,32
0,6.06212086146802,1,33
0.5,6.29861055102345,1,33
1,7.18800922565887,1,33
1.5,7.06550944055894,1,33
2,7.20184369862302,1,33
2.5,7.52068866751902,1,33
3,7.4436878368933,1,33
3.5,7.37337915264443,1,33
4,7.61027057735932,1,33
4.5,7.63256583891214,1,33
5,7.62054701865296,1,33
5.5,7.5525517257089,1,33
6,7.56828107623434,1,33
6.5,7.27026029382451,1,33
7,7.6224666904819,1,33
7.5,7.20998738470068,1,33
8,7.15707631054461,1,33
8.5,7.21475655522221,1,33
9,7.12479320243965,1,33
9.5,7.06224377496921,1,33
10,7.27439033426122,1,33
10.5,7.29643466674978,1,33
11,7.16048761293078,1,33
11.5,6.97091862104695,1,33
12,7.48758713775173,1,33
12.5,6.78975540131615,1,33
13,7.04969922460622,1,33
13.5,6.7621466338037,1,33
14,6.88173547769858,1,33
14.5,7.35626348334591,1,33
15,6.64541970392001,1,33
15.5,7.13003717792889,1,33
16,6.35702353761585,1,33
16.5,6.40113839499047,1,33
17,6.73113028731705,1,33
17.5,6.83778435213156,1,33
18,6.81889090940835,1,33
18.5,6.31771151330962,1,33
19,6.57623117572009,1,33
19.5,6.2847782049971,1,33
20,6.85021771235564,1,33
20.5,6.46847264463447,1,33
21,6.59022039587417,1,33
21.5,6.4739315409934,1,33
22,6.46527245590683,1,33
22.5,5.96849890451115,1,33
23,6.39111744740515,1,33
23.5,6.25570351204262,1,33
24,6.3291389124656,1,33
24.5,5.91656780972251,1,33
25,5.89287418748462,1,33
25.5,5.86627825408825,1,33
26,5.88501891783782,1,33
26.5,6.02265342409353,1,33
27,5.91506874678733,1,33
27.5,5.92736704697541,1,33
28,6.02250519846857,1,33
28.5,5.67855645441456,1,33
29,5.83310794933673,1,33
29.5,5.85352002848682,1,33
30,5.74937257889076,1,33
0,5.43650373630664,1,34
0.5,6.4562365225911,1,34
1,6.21755359564461,1,34
1.5,6.37504849323743,1,34
2,6.67293521442459,1,34
2.5,7.09383174573983,1,34
3,6.36923351459962,1,34
3.5,6.89599404960888,1,34
4,6.51846394524401,1,34
4.5,6.95038591282098,1,34
5,7.0790220391165,1,34
5.5,6.58753963220622,1,34
6,6.75534563550499,1,34
6.5,7.15976465544516,1,34
7,6.7804758497033,1,34
7.5,6.70732833502941,1,34
8,6.85485095676329,1,34
8.5,6.43618640164555,1,34
9,6.23866821157138,1,34
9.5,6.88160012024857,1,34
10,6.72864955400642,1,34
10.5,6.98298437956866,1,34
11,6.55187612180574,1,34
11.5,6.710838221856,1,34
12,6.69792302494153,1,34
12.5,6.47767979369316,1,34
13,6.63014102192657,1,34
13.5,6.11801779245768,1,34
14,6.55161776452656,1,34
14.5,6.76436379694718,1,34
15,6.38382726553965,1,34
15.5,6.43703664768154,1,34
16,6.38774283028206,1,34
16.5,6.52086501596277,1,34
17,6.27828499567719,1,34
17.5,6.10013194597027,1,34
18,6.54624792966025,1,34
18.5,6.2434337534759,1,34
19,6.41992240124428,1,34
19.5,6.26671876747836,1,34
20,6.31531191217729,1,34
20.5,6.08754616782623,1,34
21,6.2828877859355,1,34
21.5,5.94459097275566,1,34
22,6.17292266619663,1,34
22.5,5.89444562046583,1,34
23,6.05187346550177,1,34
23.5,6.18847349850798,1,34
24,6.45236565412634,1,34
24.5,5.83843177534723,1,34
25,6.03185289693708,1,34
25.5,5.90812065289268,1,34
26,5.90750696678414,1,34
26.5,5.64234018560716,1,34
27,6.1119322154037,1,34
27.5,5.71248706900875,1,34
28,5.59891952789062,1,34
28.5,6.20096324335057,1,34
29,5.95310028691743,1,34
29.5,5.7297099769828,1,34
30,6.05615095793704,1,34
0,5.4413294546655,1,35
0.5,6.28895378073365,1,35
1,6.43832494075243,1,35
1.5,6.30635096368643,1,35
2,6.43224990839902,1,35
2.5,6.3779028851491,1,35
3,6.35632848556368,1,35
3.5,6.6341668784791,1,35
4,6.943264256413,1,35
4.5,6.43869156864674,1,35
5,6.69470012019455,1,35
5.5,6.36818553618447,1,35
6,6.36768867996615,1,35
6.5,6.43749455007419,1,35
7,6.53808160684165,1,35
7.5,6.61498530522014,1,35
8,6.47759873035123,1,35
8.5,6.11581994354544,1,35
9,6.24723120452957,1,35
9.5,6.12270064354491,1,35
10,5.94284154593858,1,35
10.5,5.740118039958,1,35
11,5.8681563823111,1,35
11.5,5.97230274093647,1,35
12,6.14817646067187,1,35
12.5,5.57149058480664,1,35
13,5.62574744620746,1,35
13.5,5.73998985002107,1,35
14,5.80487907449962,1,35
14.5,5.29325878754921,1,35
15,5.26777005798757,1,35
15.5,5.25484382670302,1,35
16,5.16567187623758,1,35
16.5,5.22348472731812,1,35
17,5.62720135469961,1,35
17.5,5.59125607696325,1,35
18,4.92529323288858,1,35
18.5,5.29839373986081,1,35
19,4.83581048776098,1,35
19.5,4.80227023316238,1,35
20,5.13256783399449,1,35
20.5,4.42691799625452,1,35
21,4.63033851856177,1,35
21.5,4.82306956009481,1,35
22,4.48153495834893,1,35
22.5,4.51418667559376,1,35
23,4.33365700876215,1,35
23.5,4.09607156426924,1,35
24,4.50749212317362,1,35
24.5,4.22035210742924,1,35
25,4.23176754032386,1,35
25.5,4.28400886703214,1,35
26,4.11556315565633,1,35
26.5,3.92845256178624,1,35
27,3.75845109424772,1,35
27.5,3.96902094214994,1,35
28,3.76888460447973,1,35
28.5,4.02033916968316,1,35
29,3.25288775386242,1,35
29.5,3.73843083592149,1,35
30,3.67389317247947,1,35
0,5.29587928158587,1,36
0.5,5.98636141861113,1,36
1,6.54858950220912,1,36
1.5,6.42035958925057,1,36
2,6.56494238050393,1,36
2.5,7.03591722000206,1,36
3,6.45870342211272,1,36
3.5,7.03766579871741,1,36
4,6.77578205942196,1,36
4.5,7.10859735248417,1,36
5,6.91364972555252,1,36
5.5,6.83741256576061,1,36
6,6.55469945399654,1,36
6.5,6.80599060308774,1,36
7,6.89238354151708,1,36
7.5,6.92439772193513,1,36
8,6.33461044635757,1,36
8.5,6.81962449195128,1,36
9,6.65889063140219,1,36
9.5,6.90886338907816,1,36
10,6.50227892955921,1,36
10.5,6.41575356664169,1,36
11,6.73807677489959,1,36
11.5,6.81647271860519,1,36
12,6.3799217417557,1,36
12.5,6.55155984080211,1,36
13,6.47906368494372,1,36
13.5,6.42444278145711,1,36
14,6.567903608073,1,36
14.5,6.5068168326755,1,36
15,6.71118065954701,1,36
15.5,6.17534319562071,1,36
16,6.35457601410539,1,36
16.5,6.51907558703099,1,36
17,6.04786658198049,1,36
17.5,6.26425320958065,1,36
18,6.46127749326509,1,36
18.5,6.1000647349875,1,36
19,5.98800005936918,1,36
19.5,6.16409885924064,1,36
20,6.30470631791308,1,36
20.5,6.24105083556549,1,36
21,6.02732132834296,1,36
21.5,6.12494976469789,1,36
22,6.11821952414788,1,36
22.5,5.96356727111631,1,36
23,6.17473632125682,1,36
23.5,5.88685819937128,1,36
24,5.93534840417109,1,36
24.5,5.97473686384322,1,36
25,5.80651314516755,1,36
25.5,5.97245889199656,1,36
26,5.98308751726487,1,36
26.5,5.7860795109174,1,36
27,5.93599161074258,1,36
27.5,5.42272047514307,1,36
28,5.6314318198897,1,36
28.5,5.39204759911315,1,36
29,5.78489629662544,1,36
29.5,5.69161842552004,1,36
30,5.87299531563651,1,36
0,5.73655829005557,1,37
0.5,6.00400869132909,1,37
1,6.89454632169199,1,37
1.5,6.95156720911817,1,37
2,6.99070634747382,1,37
2.5,6.86216672679082,1,37
3,7.15397796645399,1,37
3.5,7.04096178318918,1,37
4,6.84419274628555,1,37
4.5,7.51095675650337,1,37
5,7.28819083353441,1,37
5.5,7.07411176979558,1,37
6,7.09781365078099,1,37
6.5,7.35117975677953,1,37
7,7.09003694390521,1,37
7.5,6.73807481472441,1,37
8,6.82293422505451,1,37
8.5,7.15536903050189,1,37
9,6.89940258798634,1,37
9.5,7.27109756947707,1,37
10,7.03336734704255,1,37
10.5,6.90470419725774,1,37
11,7.04804567572739,1,37
11.5,6.84916452922495,1,37
12,6.48521725415719,1,37
12.5,6.96427327322979,1,37
13,6.96889262783411,1,37
13.5,6.80547555345471,1,37
14,6.82686089805401,1,37
14.5,7.05064851308619,1,37
15,6.93779197046606,1,37
15.5,6.97641860569779,1,37
16,6.82465810707639,1,37
16.5,7.25008183289523,1,37
17,6.58697466846566,1,37
17.5,6.90980743789617,1,37
18,6.74073662620036,1,37
18.5,6.74802270155269,1,37
19,6.54109521023095,1,37
19.5,6.51074032941191,1,37
20,6.85630428211352,1,37
20.5,6.81818670883688,1,37
21,6.4386479252481,1,37
21.5,6.67457712484516,1,37
22,7.00707088876207,1,37
22.5,6.66406285432862,1,37
23,6.53416309806467,1,37
23.5,6.6645771115095,1,37
24,6.50071273464233,1,37
24.5,6.54964506620645,1,37
25,6.24500972112379,1,37
25.5,6.52169829794841,1,37
26,6.2264091565107,1,37
26.5,6.35147982996084,1,37
27,5.99342043140262,1,37
27.5,6.51978379441257,1,37
28,6.31923932685865,1,37
28.5,5.89955380985336,1,37
29,6.01346812823561,1,37
29.5,6.23285236711653,1,37
30,6.01703029812309,1,37
0,5.81056384573119,1,38
0.5,6.30272108079816,1,38
1,6.43073516561321,1,38
1.5,6.68593940166982,1,38
2,6.45798515018114,1,38
2.5,6.69015814730437,1,38
3,6.77983774806601,1,38
3.5,6.85807896199303,1,38
4,7.21753985680942,1,38
4.5,6.6405900928395,1,38
5,6.63508100396235,1,38
5.5,6.67545814680942,1,38
6,6.97845423290086,1,38
6.5,6.5642037502328,1,38
7,6.33832838722816,1,38
7.5,7.20605443796704,1,38
8,6.85000652750959,1,38
8.5,5.96191853967393,1,38
9,6.45979137885822,1,38
9.5,6.46840450122577,1,38
10,6.94808670007721,1,38
10.5,6.41258938198027,1,38
11,6.58997035171484,1,38
11.5,6.29454072850062,1,38
12,6.33303788645454,1,38
12.5,6.4489203883549,1,38
13,6.41236297707942,1,38
13.5,6.38150515764613,1,38
14,6.66568955602373,1,38
14.5,6.37590614992876,1,38
15,6.61651671343258,1,38
15.5,6.39555005801704,1,38
16,6.54831594168284,1,38
16.5,6.66020001561379,1,38
17,6.84925060588502,1,38
17.5,6.67521409743022,1,38
18,6.19394661651802,1,38
18.5,6.20839061337066,1,38
19,6.5370211230042,1,38
19.5,6.42205414878217,1,38
20,6.36069666391443,1,38
20.5,6.30437351939287,1,38
21,6.4177436927241,1,38
21.5,6.51343887153626,1,38
22,5.78184588509353,1,38
22.5,5.68979687316378,1,38
23,6.38016360051471,1,38
23.5,6.00352292168811,1,38
24,5.93443669450561,1,38
24.5,6.36054379470795,1,38
25,6.28865512779797,1,38
25.5,6.05175193677435,1,38
26,5.86628176976829,1,38
26.5,6.17577256746188,1,38
27,6.12019997566281,1,38
27.5,6.59345723208184,1,38
28,6.07821739535784,1,38
28.5,6.09012248107067,1,38
29,6.18752235540426,1,38
29.5,6.19045532301181,1,38
30,5.78688092855605,1,38
0,5.49346594887761,1,39
0.5,6.36890596111623,1,39
1,6.35203642640458,1,39
1.5,6.24712052685026,1,39
2,6.66307769381562,1,39
2.5,6.86570891480088,1,39
3,6.44496615625285,1,39
3.5,6.87407036950163,1,39
4,7.07386645375937,1,39
4.5,7.03743506361433,1,39
5,7.03617551361327,1,39
5.5,6.71470390427423,1,39
6,6.87737729520779,1,39
6.5,6.89162166217403,1,39
7,7.32088863761285,1,39
7.5,6.72814121946143,1,39
8,6.73342497116537,1,39
8.5,6.90452270918081,1,39
9,6.95400873167448,1,39
9.5,6.82514855646207,1,39
10,6.73916035182148,1,39
10.5,6.56687452129138,1,39
11,6.56431209802627,1,39
11.5,6.47198442656438,1,39
12,6.70940433127833,1,39
12.5,6.59298062562414,1,39
13,6.81559405830524,1,39
13.5,6.88717315420412,1,39
14,6.45494282234136,1,39
14.5,6.51196483599832,1,39
15,6.47792469446227,1,39
15.5,6.64960825207271,1,39
16,6.34454305324723,1,39
16.5,6.60073312461282,1,39
17,6.56841897851081,1,39
17.5,6.14564074867822,1,39
18,6.31159326022548,1,39
18.5,6.81189515673392,1,39
19,6.98941834825507,1,39
19.5,6.49238591593006,1,39
20,6.178654764355,1,39
20.5,6.49504387094355,1,39
21,6.53620880922364,1,39
21.5,6.62750030770694,1,39
22,6.48773101289181,1,39
22.5,6.26453266908693,1,39
23,5.9386092044133,1,39
23.5,6.6425031527448,1,39
24,6.30155382839121,1,39
24.5,5.89398854783128,1,39
25,6.42543557418998,1,39
25.5,6.41412344893679,1,39
26,6.5188511195008,1,39
26.5,5.94113647099043,1,39
27,6.25664645584572,1,39
27.5,5.90271032218138,1,39
28,6.10566718533212,1,39
28.5,6.13938661385689,1,39
29,6.11009173479817,1,39
29.5,5.90715338311319,1,39
30,6.30287951251361,1,39
0,5.70410514966996,1,40
0.5,6.31493849493362,1,40
1,6.2597156630326,1,40
1.5,6.56817212266738,1,40
2,6.6090679764282,1,40
2.5,6.58784719202963,1,40
3,6.53929600961906,1,40
3.5,6.90434506230146,1,40
4,6.29524981303786,1,40
4.5,6.90876566245029,1,40
5,6.75098743275238,1,40
5.5,6.79384297118043,1,40
6,6.85584449996714,1,40
6.5,6.26551767655066,1,40
7,6.41613473213942,1,40
7.5,7.03441721527043,1,40
8,6.7860833050714,1,40
8.5,6.47407571888126,1,40
9,6.49094114359271,1,40
9.5,6.66484647888135,1,40
10,6.29132337914351,1,40
10.5,6.68710381587988,1,40
11,6.45740167323997,1,40
11.5,6.43011903963551,1,40
12,6.53326738768684,1,40
12.5,6.47688089343824,1,40
13,6.46363775380363,1,40
13.5,6.47909876436085,1,40
14,6.20804414211666,1,40
14.5,6.43589321981136,1,40
15,6.19701057100251,1,40
15.5,6.00359664572605,1,40
16,6.43957001158215,1,40
16.5,6.2652249017869,1,40
17,6.10498214987896,1,40
17.5,6.17463897440756,1,40
18,5.77346654669449,1,40
18.5,6.58805752212649,1,40
19,6.1983380275703,1,40
19.5,5.97166976952458,1,40
20,6.04586558907671,1,40
20.5,6.05603082914576,1,40
21,6.06055667977754,1,40
21.5,6.40114644142153,1,40
22,5.90897301876706,1,40
22.5,5.68066011734787,1,40
23,6.03988783426916,1,40
23.5,5.7303851504088,1,40
24,5.67989160029401,1,40
24.5,5.99647303629287,1,40
25,5.68197399032046,1,40
25.5,5.74488870991695,1,40
26,6.08599361268651,1,40
26.5,5.34219294757787,1,40
27,5.55193480923709,1,40
27.5,5.43297621240494,1,40
28,5.79078381865867,1,40
28.5,5.69033599279144,1,40
29,5.70201246489646,1,40
29.5,5.70253350874392,1,40
30,5.75794531833008,1,40
