"time","obs","obs_id","id"
0,1.89613757482608,1,1
0.5,5.03809049520881,1,1
1,5.22912998797209,1,1
1.5,5.78754444506588,1,1
2,5.81594734820007,1,1
2.5,5.77581265238908,1,1
3,6.12426816611318,1,1
3.5,5.60100188044875,1,1
4,6.31846502455122,1,1
4.5,5.71568121282656,1,1
5,5.81394307779187,1,1
5.5,5.86711712956035,1,1
6,5.8358134930162,1,1
6.5,5.68565757911517,1,1
7,5.98202382327273,1,1
7.5,6.20649713538382,1,1
8,6.03719172496745,1,1
8.5,6.05210153867479,1,1
9,5.93296170095395,1,1
9.5,5.70093588817671,1,1
10,6.05473671636808,1,1
10.5,6.16170154188133,1,1
11,5.89916581652502,1,1
11.5,5.66149172062111,1,1
12,5.90668809794486,1,1
12.5,6.20900068252502,1,1
13,6.05518751187159,1,1
13.5,5.98627192952708,1,1
14,5.92255188344035,1,1
14.5,5.95143710469527,1,1
15,5.78004658974024,1,1
15.5,5.98180720985933,1,1
16,6.1881127585441,1,1
16.5,6.04686337698217,1,1
17,6.18980669247375,1,1
17.5,5.89936617214778,1,1
18,5.56525802139503,1,1
18.5,5.89861949776573,1,1
19,5.81875474316301,1,1
19.5,5.65360866653153,1,1
20,6.06001743259449,1,1
20.5,5.8647485058153,1,1
21,6.25623755758516,1,1
21.5,6.07875153674179,1,1
22,6.05294555261324,1,1
22.5,5.88900298427306,1,1
23,5.73622399911064,1,1
23.5,5.85168934487513,1,1
24,6.22320501238603,1,1
24.5,5.89948067426469,1,1
25,6.18875648779459,1,1
25.5,6.42221636107643,1,1
26,5.71179356049485,1,1
26.5,5.93891201825553,1,1
27,6.0124032336024,1,1
27.5,6.18011798787919,1,1
28,5.69804471476855,1,1
28.5,5.83627040414067,1,1
29,5.9219877026516,1,1
29.5,5.74056468221736,1,1
30,6.2571097631447,1,1
0,1.99202693362018,1,2
0.5,4.33170038688877,1,2
1,4.54509079882082,1,2
1.5,4.52089428152291,1,2
2,4.39424668331453,1,2
2.5,4.54995470290166,1,2
3,4.66027825863244,1,2
3.5,4.84251879401228,1,2
4,4.21961942236879,1,2
4.5,4.39515325583168,1,2
5,4.59231012390048,1,2
5.5,4.49625090234538,1,2
6,4.57556484289566,1,2
6.5,4.39905072922608,1,2
7,4.65603076477922,1,2
7.5,4.73184067835498,1,2
8,4.59722072065859,1,2
8.5,4.44254074209904,1,2
9,4.53185144484844,1,2
9.5,4.14201279966313,1,2
10,4.49336395588282,1,2
10.5,4.87088863853338,1,2
11,4.57740202549529,1,2
11.5,4.4844810041701,1,2
12,4.40969734172981,1,2
12.5,4.40642932887998,1,2
13,4.28221819349031,1,2
13.5,4.78748761922526,1,2
14,4.16103177466338,1,2
14.5,4.58255499058905,1,2
15,4.65067073963109,1,2
15.5,4.48600069074548,1,2
16,4.21609461409049,1,2
16.5,4.58601215279332,1,2
17,4.44690165908243,1,2
17.5,4.70741435341291,1,2
18,4.29410522333798,1,2
18.5,4.96940473373483,1,2
19,4.43475118445702,1,2
19.5,4.34198472429367,1,2
20,4.72154246125234,1,2
20.5,4.45389923904742,1,2
21,4.6593347173872,1,2
21.5,4.71497938943465,1,2
22,4.67664947252177,1,2
22.5,4.16732607076281,1,2
23,4.26791009677327,1,2
23.5,4.43750813227384,1,2
24,4.41523236164712,1,2
24.5,4.59488562641899,1,2
25,4.53795794642848,1,2
25.5,4.62268004982485,1,2
26,5.01790114083248,1,2
26.5,4.57788982125728,1,2
27,4.31666941783732,1,2
27.5,4.44194165145557,1,2
28,4.39544299782202,1,2
28.5,4.91666871215869,1,2
29,4.17017312475476,1,2
29.5,4.40258289878674,1,2
30,4.57931187777067,1,2
0,2.19470533889797,1,3
0.5,5.8358293124577,1,3
1,6.5484061711836,1,3
1.5,6.72243832338559,1,3
2,6.88872504008743,1,3
2.5,6.74027268835918,1,3
3,7.088028897643,1,3
3.5,6.85528586374534,1,3
4,7.39654703442306,1,3
4.5,7.18262629142356,1,3
5,7.34841137285456,1,3
5.5,6.99914861401465,1,3
6,6.93784087772333,1,3
6.5,6.51987418795298,1,3
7,7.12670323383694,1,3
7.5,6.89097885126092,1,3
8,6.78067115358083,1,3
8.5,6.76293513918138,1,3
9,7.37697441388547,1,3
9.5,6.85649012355931,1,3
10,7.0754487135409,1,3
10.5,6.84549110292326,1,3
11,7.09613114242737,1,3
11.5,7.04223517873619,1,3
12,6.96888515122571,1,3
12.5,6.89799756805843,1,3
13,7.24211448293706,1,3
13.5,6.61202127426937,1,3
14,6.72444537658647,1,3
14.5,6.76287749999302,1,3
15,6.85500141439556,1,3
15.5,6.89498686954634,1,3
16,6.8074068368678,1,3
16.5,7.12619831597231,1,3
17,6.87772202994012,1,3
17.5,6.6928578737607,1,3
18,7.03651696858216,1,3
18.5,6.66890787537108,1,3
19,7.07434121982885,1,3
19.5,6.66327576317011,1,3
20,6.96495966678833,1,3
20.5,6.85778981858636,1,3
21,7.29602012112644,1,3
21.5,7.0283955405968,1,3
22,6.80065336685631,1,3
22.5,6.50115914418941,1,3
23,7.00103377004429,1,3
23.5,7.01806140656914,1,3
24,6.84732115097156,1,3
24.5,6.97895106079767,1,3
25,7.07895989018221,1,3
25.5,6.83398959134446,1,3
26,7.23806593452167,1,3
26.5,6.76440854325129,1,3
27,6.40332631405745,1,3
27.5,6.68340309027212,1,3
28,6.84404539772895,1,3
28.5,6.53288929668357,1,3
29,6.6363228314533,1,3
29.5,6.44879552012673,1,3
30,7.02200035325821,1,3
0,2.22191766739894,1,4
0.5,5.17770707075215,1,4
1,5.30443965141015,1,4
1.5,5.73670299085397,1,4
2,5.88000034507566,1,4
2.5,6.12297556451972,1,4
3,6.28027791200543,1,4
3.5,5.89929436808549,1,4
4,6.36868924208149,1,4
4.5,6.17263554345981,1,4
5,6.22421714340418,1,4
5.5,6.33492210168031,1,4
6,6.40822241437695,1,4
6.5,6.2492592398565,1,4
7,6.44650848373651,1,4
7.5,6.74927224683575,1,4
8,6.4191581064345,1,4
8.5,6.69265589403192,1,4
9,6.32664908903982,1,4
9.5,6.14871374798047,1,4
10,6.32823079395841,1,4
10.5,6.52894130206707,1,4
11,6.59780938613727,1,4
11.5,6.161675322443,1,4
12,6.48832033184519,1,4
12.5,6.38766475060737,1,4
13,5.96914893499962,1,4
13.5,6.51995893297216,1,4
14,6.21041045254967,1,4
14.5,5.89834188574117,1,4
15,5.81604911614375,1,4
15.5,5.84528343479492,1,4
16,5.80556464103088,1,4
16.5,6.10248004218211,1,4
17,6.34917134934727,1,4
17.5,6.14952069344149,1,4
18,6.01216420161887,1,4
18.5,5.95408187954443,1,4
19,5.75978729193753,1,4
19.5,5.94493562306178,1,4
20,5.65026598165997,1,4
20.5,5.93053395320103,1,4
21,5.38692272538122,1,4
21.5,5.73836265347659,1,4
22,5.8984033964051,1,4
22.5,5.91679120837002,1,4
23,5.81008746596883,1,4
23.5,5.95394255757212,1,4
24,5.72421631910104,1,4
24.5,5.45446411995665,1,4
25,5.43088782296555,1,4
25.5,5.71105178998198,1,4
26,5.48267621003953,1,4
26.5,5.50927631315296,1,4
27,5.47768577794776,1,4
27.5,5.40690071138272,1,4
28,5.48562663065079,1,4
28.5,5.2956111399406,1,4
29,5.32713829427136,1,4
29.5,4.69799243989542,1,4
30,5.46800607598635,1,4
0,2.18211042024876,1,5
0.5,6.30317413879364,1,5
1,6.47411748199292,1,5
1.5,6.71631956057394,1,5
2,6.58576337841643,1,5
2.5,6.89238131740679,1,5
3,7.25256745670018,1,5
3.5,6.72868823071326,1,5
4,6.85898250103242,1,5
4.5,6.95029871368775,1,5
5,7.181638193412,1,5
5.5,6.77544404866752,1,5
6,6.78590549465129,1,5
6.5,7.42248040045377,1,5
7,6.85291723688453,1,5
7.5,7.31468825064345,1,5
8,6.93062880669324,1,5
8.5,6.71169319504282,1,5
9,6.94769902786941,1,5
9.5,7.02006138429168,1,5
10,6.90613155533703,1,5
10.5,7.10704759734381,1,5
11,7.16228912168148,1,5
11.5,6.78397215009168,1,5
12,6.87454993528845,1,5
12.5,6.48266786609659,1,5
13,6.83768695679614,1,5
13.5,6.85143710251722,1,5
14,6.75484631114239,1,5
14.5,7.0633876126405,1,5
15,7.07877200456934,1,5
15.5,6.99030382869169,1,5
16,6.70820292223673,1,5
16.5,7.18942240169545,1,5
17,7.11012954541177,1,5
17.5,6.67069560534789,1,5
18,6.68177304963468,1,5
18.5,6.83472991634127,1,5
19,6.73904321494767,1,5
19.5,6.57518708054586,1,5
20,6.97291228996713,1,5
20.5,6.87758149348909,1,5
21,6.75512129377851,1,5
21.5,6.98374733384458,1,5
22,6.89986596763315,1,5
22.5,6.71317667844673,1,5
23,6.78027173454087,1,5
23.5,6.6605803268751,1,5
24,6.72056047264614,1,5
24.5,7.01077972273327,1,5
25,7.00117368765126,1,5
25.5,7.18353441612916,1,5
26,6.96308308753429,1,5
26.5,7.006952279035,1,5
27,6.878225395134,1,5
27.5,6.52110814167176,1,5
28,6.88375806163751,1,5
28.5,6.79554627030851,1,5
29,6.7787101572742,1,5
29.5,7.02675252188788,1,5
30,6.99158812466922,1,5
0,2.30602200154809,1,6
0.5,5.43486101789467,1,6
1,6.13697458535755,1,6
1.5,6.30658368085285,1,6
2,6.40293774730114,1,6
2.5,6.76668433663401,1,6
3,6.60220963531076,1,6
3.5,6.71502195284216,1,6
4,6.58561559300009,1,6
4.5,6.53187226230647,1,6
5,6.83925561141572,1,6
5.5,6.55185602395428,1,6
6,6.96594858863079,1,6
6.5,7.06994384373253,1,6
7,6.96837100041743,1,6
7.5,6.95506029238989,1,6
8,6.94801739736628,1,6
8.5,7.09547747110902,1,6
9,6.96941117750167,1,6
9.5,6.77762056869523,1,6
10,7.07355882737956,1,6
10.5,6.45224868433077,1,6
11,6.5379376785509,1,6
11.5,6.90673928290086,1,6
12,6.94914564111461,1,6
12.5,6.57452082184491,1,6
13,6.73049647053082,1,6
13.5,6.7703114033192,1,6
14,6.69200154216762,1,6
14.5,7.07684547928828,1,6
15,6.85278858308016,1,6
15.5,6.52008006205626,1,6
16,6.88196533115623,1,6
16.5,6.55288936326267,1,6
17,6.82694638479251,1,6
17.5,6.88514694122174,1,6
18,6.6575765302222,1,6
18.5,7.05198566097249,1,6
19,6.76761347264932,1,6
19.5,6.76143628815908,1,6
20,6.93931365482935,1,6
20.5,6.5014378345928,1,6
21,7.02014305383804,1,6
21.5,6.99346191867256,1,6
22,6.60645474322262,1,6
22.5,6.49761918339923,1,6
23,6.31923667866966,1,6
23.5,7.12178907766736,1,6
24,6.35025970170811,1,6
24.5,7.1294227361985,1,6
25,7.07595650406796,1,6
25.5,6.53947645204455,1,6
26,6.45420475019881,1,6
26.5,6.60308401586426,1,6
27,6.35099723931497,1,6
27.5,6.55979689097562,1,6
28,7.03259651392946,1,6
28.5,6.47620624262176,1,6
29,6.50909161299879,1,6
29.5,6.64421354740223,1,6
30,6.54662725258184,1,6
0,1.69962108552246,1,7
0.5,4.01080227070971,1,7
1,4.6158577199409,1,7
1.5,4.58796343922417,1,7
2,3.92949169242119,1,7
2.5,4.10940381431924,1,7
3,4.28755339949054,1,7
3.5,4.24974692986075,1,7
4,4.14165349915,1,7
4.5,4.69640275985871,1,7
5,4.18513080190815,1,7
5.5,4.46180390036756,1,7
6,4.31115972068337,1,7
6.5,4.10938254790069,1,7
7,4.24628524157594,1,7
7.5,4.34268597220631,1,7
8,3.9595914840336,1,7
8.5,4.26622507713121,1,7
9,3.95537135517573,1,7
9.5,4.0604570074486,1,7
10,4.44733547339773,1,7
10.5,4.11634204257842,1,7
11,4.06874646352885,1,7
11.5,4.25651176589492,1,7
12,3.95986263003184,1,7
12.5,4.06437661816167,1,7
13,4.0423192221173,1,7
13.5,4.06576261714978,1,7
14,4.35716499739153,1,7
14.5,4.11403774630442,1,7
15,3.89561163655559,1,7
15.5,4.34273161088917,1,7
16,3.96217690808201,1,7
16.5,3.89412919628687,1,7
17,3.92302070834743,1,7
17.5,4.40255812706742,1,7
18,4.37567569198625,1,7
18.5,4.15354100813326,1,7
19,4.18851889100556,1,7
19.5,3.95024795737323,1,7
20,4.11439021842695,1,7
20.5,4.04774018792061,1,7
21,4.28202232597505,1,7
21.5,4.31944690437205,1,7
22,4.05390828585153,1,7
22.5,4.1975593463974,1,7
23,4.31504345195036,1,7
23.5,3.92869456391285,1,7
24,3.86729492620388,1,7
24.5,4.3753765905238,1,7
25,4.29528310805591,1,7
25.5,4.3083440525018,1,7
26,3.74098619546692,1,7
26.5,4.24602627415752,1,7
27,4.17978482237753,1,7
27.5,4.23543590005829,1,7
28,4.2839022145765,1,7
28.5,3.92339639671998,1,7
29,4.26722358849629,1,7
29.5,4.1460633601365,1,7
30,4.2596885246799,1,7
0,1.8456642295435,1,8
0.5,6.37594534870571,1,8
1,6.7191464381206,1,8
1.5,7.06144440349897,1,8
2,7.16866227133097,1,8
2.5,7.11828195187064,1,8
3,7.38239582506951,1,8
3.5,7.2033668138909,1,8
4,7.21201222749486,1,8
4.5,7.4713051843478,1,8
5,7.31757343924054,1,8
5.5,7.23119269538689,1,8
6,7.58155723649489,1,8
6.5,7.1691644384643,1,8
7,7.00388403307429,1,8
7.5,7.33113134587815,1,8
8,7.41649039129835,1,8
8.5,7.60464511610237,1,8
9,7.13588144776909,1,8
9.5,7.11874281715258,1,8
10,7.51250078839242,1,8
10.5,7.40142987494598,1,8
11,6.91061658852537,1,8
11.5,7.17513253044975,1,8
12,7.25103546884456,1,8
12.5,6.95033219729684,1,8
13,7.23966077618404,1,8
13.5,7.34995290807392,1,8
14,7.44337219474449,1,8
14.5,7.24756776688722,1,8
15,7.14786769474721,1,8
15.5,7.50861220632091,1,8
16,7.38227286631468,1,8
16.5,7.23129366469697,1,8
17,7.16021372601272,1,8
17.5,7.10249858067234,1,8
18,7.06249147804327,1,8
18.5,6.77408852736452,1,8
19,7.39735578991886,1,8
19.5,7.03129478317366,1,8
20,6.91703217683996,1,8
20.5,7.4429543861456,1,8
21,7.25455087659554,1,8
21.5,7.30517727596569,1,8
22,7.20782181823521,1,8
22.5,7.14329258226483,1,8
23,7.02275419376237,1,8
23.5,7.08735067056563,1,8
24,6.76821712264711,1,8
24.5,7.08192788701977,1,8
25,7.23980325947084,1,8
25.5,7.62069285924028,1,8
26,6.87245853088355,1,8
26.5,7.26629885766313,1,8
27,6.97500940381826,1,8
27.5,6.94301169243081,1,8
28,7.30882721254246,1,8
28.5,6.85866895036133,1,8
29,6.86571816618568,1,8
29.5,7.27140561016039,1,8
30,6.841187611915,1,8
0,2.12585879039516,1,9
0.5,6.32526380592723,1,9
1,6.21706098614998,1,9
1.5,6.40249210542341,1,9
2,6.02581227284734,1,9
2.5,6.27906485363593,1,9
3,6.31712909788237,1,9
3.5,6.16508286644059,1,9
4,5.97530416136408,1,9
4.5,6.24871172038538,1,9
5,6.33877918549124,1,9
5.5,6.07198502949579,1,9
6,6.29808691751135,1,9
6.5,6.04034901704308,1,9
7,6.42475332169055,1,9
7.5,6.42600205775241,1,9
8,6.20286757061465,1,9
8.5,6.20344085853772,1,9
9,6.25617247710455,1,9
9.5,6.39215626115899,1,9
10,6.08171991843121,1,9
10.5,6.45629103048236,1,9
11,6.20506473399492,1,9
11.5,6.22013897945511,1,9
12,6.04412773256081,1,9
12.5,6.00695784177353,1,9
13,6.43883606173208,1,9
13.5,6.01781902856268,1,9
14,5.81897108493486,1,9
14.5,6.27791679737977,1,9
15,6.15373569945167,1,9
15.5,6.45101987397648,1,9
16,6.44955600402211,1,9
16.5,6.05857040265087,1,9
17,5.92765125949906,1,9
17.5,6.3625738733984,1,9
18,6.01388850819604,1,9
18.5,5.79177356962282,1,9
19,6.0892305420071,1,9
19.5,6.33331339831343,1,9
20,6.10734669290087,1,9
20.5,6.24055219620186,1,9
21,6.10019707281337,1,9
21.5,6.06612661546227,1,9
22,6.52397574130322,1,9
22.5,5.96894494956925,1,9
23,5.86381742107156,1,9
23.5,6.52327821960713,1,9
24,6.44493734714046,1,9
24.5,6.19707009189175,1,9
25,6.25596784421985,1,9
25.5,6.12204754080145,1,9
26,6.04595732569376,1,9
26.5,6.15261582427831,1,9
27,5.87200500930339,1,9
27.5,6.22972407263098,1,9
28,6.40636371066304,1,9
28.5,6.24310137305041,1,9
29,6.35310035220159,1,9
29.5,6.00452726349454,1,9
30,5.68640921773619,1,9
0,2.0903272838525,1,10
0.5,5.46161602800518,1,10
1,5.71178253791837,1,10
1.5,6.12802042400209,1,10
2,5.82865681746929,1,10
2.5,5.98559021447947,1,10
3,5.80423944879765,1,10
3.5,5.90524060463887,1,10
4,5.78571375188389,1,10
4.5,6.52528451005446,1,10
5,6.50123693058256,1,10
5.5,6.2311773748081,1,10
6,5.92994863200771,1,10
6.5,6.21306379268876,1,10
7,6.02505444250056,1,10
7.5,6.2146862151831,1,10
8,6.36653679133409,1,10
8.5,6.49689338842622,1,10
9,6.56614224093872,1,10
9.5,5.9048578659339,1,10
10,5.95674991293511,1,10
10.5,6.29926248565549,1,10
11,6.0144702703843,1,10
11.5,6.21050225406835,1,10
12,6.28537347759835,1,10
12.5,5.8915863499588,1,10
13,6.01529269462817,1,10
13.5,6.209929606566,1,10
14,6.50614955873259,1,10
14.5,6.11960787863436,1,10
15,6.02915560725671,1,10
15.5,6.33993949012141,1,10
16,5.94448960876011,1,10
16.5,6.19379487658963,1,10
17,6.44208077725864,1,10
17.5,6.1227117231236,1,10
18,6.05404076643963,1,10
18.5,5.87678651175107,1,10
19,6.25759540817098,1,10
19.5,6.17160786641068,1,10
20,6.12544114043621,1,10
20.5,6.03424076144533,1,10
21,6.30390051288335,1,10
21.5,5.91218358692372,1,10
22,5.87326116857764,1,10
22.5,6.16722022284107,1,10
23,6.40831810543233,1,10
23.5,6.34247700633997,1,10
24,6.55292585553806,1,10
24.5,6.4702230723917,1,10
25,6.03018206831098,1,10
25.5,6.81300366240477,1,10
26,6.10272575697697,1,10
26.5,6.23003480798504,1,10
27,6.08097480508501,1,10
27.5,5.8047795515782,1,10
28,6.16702642108229,1,10
28.5,6.28461188431324,1,10
29,6.43125462469645,1,10
29.5,5.97121911531016,1,10
30,6.13740054040174,1,10
0,1.9433266777613,1,11
0.5,6.5598506255457,1,11
1,7.24049790768902,1,11
1.5,7.20643169689921,1,11
2,7.92672230814294,1,11
2.5,7.88610640176563,1,11
3,8.15425651868651,1,11
3.5,8.53098630825646,1,11
4,8.37800083615296,1,11
4.5,7.99058750329058,1,11
5,8.4145830091752,1,11
5.5,8.40860794064108,1,11
6,8.54523808479534,1,11
6.5,8.47905607925981,1,11
7,8.19694996489465,1,11
7.5,8.44202382587157,1,11
8,8.2552821656371,1,11
8.5,8.34725984782496,1,11
9,8.31159898958727,1,11
9.5,8.58443800940507,1,11
10,8.64473875111521,1,11
10.5,8.20241967839931,1,11
11,8.39867864400346,1,11
11.5,8.37046231296777,1,11
12,8.67609846359547,1,11
12.5,8.50100010482211,1,11
13,8.28119408784995,1,11
13.5,8.54749457137136,1,11
14,8.01134853256606,1,11
14.5,7.91847672533571,1,11
15,8.12380523712385,1,11
15.5,8.3564671280808,1,11
16,8.3193739595003,1,11
16.5,8.19813329146404,1,11
17,8.17666889379547,1,11
17.5,8.17044715939097,1,11
18,8.29113315133279,1,11
18.5,8.52786469568371,1,11
19,7.95535582262525,1,11
19.5,7.92453116210544,1,11
20,8.37413529559841,1,11
20.5,8.09270808665366,1,11
21,8.00604965729238,1,11
21.5,8.16222505166107,1,11
22,8.07825539134453,1,11
22.5,8.19181178285262,1,11
23,8.13864946662245,1,11
23.5,8.04132328673464,1,11
24,8.0243153757053,1,11
24.5,8.11682632194311,1,11
25,7.68826796516943,1,11
25.5,7.82735374115302,1,11
26,8.27546720204267,1,11
26.5,7.66224494372729,1,11
27,7.74965364702979,1,11
27.5,7.77508862574867,1,11
28,7.77220428137096,1,11
28.5,7.97551426961534,1,11
29,7.45596097081472,1,11
29.5,7.65451647256473,1,11
30,7.43412400154242,1,11
0,2.04153101564687,1,12
0.5,6.65043832480875,1,12
1,6.92158223387216,1,12
1.5,7.02886111261496,1,12
2,7.50225570170181,1,12
2.5,7.54659011536104,1,12
3,7.69403926524769,1,12
3.5,7.49851196534395,1,12
4,7.54042672361796,1,12
4.5,7.49548408303631,1,12
5,7.57038856768747,1,12
5.5,7.72090370212132,1,12
6,7.45443928711511,1,12
6.5,7.46193486909112,1,12
7,7.46453426255944,1,12
7.5,7.86644329189144,1,12
8,7.69621388504506,1,12
8.5,7.81039960541357,1,12
9,7.83604018190199,1,12
9.5,7.67810529461345,1,12
10,7.63762122389948,1,12
10.5,7.756675331648,1,12
11,7.5694296308382,1,12
11.5,7.78323687553485,1,12
12,7.57060432952939,1,12
12.5,7.53137212224642,1,12
13,7.45348370133806,1,12
13.5,7.85456696654444,1,12
14,7.28792886349688,1,12
14.5,7.89257349531893,1,12
15,7.54329773562062,1,12
15.5,8.00283423643182,1,12
16,7.84306480927591,1,12
16.5,7.34190881548451,1,12
17,7.56500474393513,1,12
17.5,7.47199919514346,1,12
18,7.55111139037953,1,12
18.5,7.65344018150849,1,12
19,7.78583651271333,1,12
19.5,7.79151117906479,1,12
20,7.76192390141483,1,12
20.5,7.89854671731718,1,12
21,7.46589022918336,1,12
21.5,7.55244818968318,1,12
22,7.56655481030513,1,12
22.5,7.54918563329754,1,12
23,7.42879205348209,1,12
23.5,7.55816116283138,1,12
24,7.46443413358038,1,12
24.5,7.67735151112169,1,12
25,7.4233758620811,1,12
25.5,7.84677278279667,1,12
26,7.67261649236862,1,12
26.5,7.60644636719272,1,12
27,7.68955165141196,1,12
27.5,7.49895345151085,1,12
28,7.74005177734558,1,12
28.5,7.87515754402328,1,12
29,7.82733780319976,1,12
29.5,7.99786049026713,1,12
30,7.9043698444501,1,12
0,2.23185887433001,1,13
0.5,6.01848298188547,1,13
1,6.14088150392049,1,13
1.5,6.6342897401249,1,13
2,6.87500283191677,1,13
2.5,7.17625109793789,1,13
3,6.91940723030971,1,13
3.5,6.9600158990292,1,13
4,6.97061156479093,1,13
4.5,7.22095414431105,1,13
5,7.03241717491323,1,13
5.5,7.190463037,1,13
6,6.74222605233978,1,13
6.5,7.43128042141626,1,13
7,6.82354442055247,1,13
7.5,7.13279127799649,1,13
8,7.27620411401088,1,13
8.5,7.04804380214128,1,13
9,7.22501477807037,1,13
9.5,6.94746091568864,1,13
10,6.52879483981836,1,13
10.5,7.09498660380225,1,13
11,7.17871292371887,1,13
11.5,6.94788856459707,1,13
12,7.43904639339618,1,13
12.5,6.81251535857395,1,13
13,6.85450998570163,1,13
13.5,6.86334627085701,1,13
14,7.52514496515915,1,13
14.5,6.99415076406551,1,13
15,7.15658010724151,1,13
15.5,7.33853581434101,1,13
16,6.92706830051493,1,13
16.5,6.81116373197773,1,13
17,6.96012832003446,1,13
17.5,6.75992942272495,1,13
18,6.8892806878646,1,13
18.5,7.04890021857386,1,13
19,7.0537500004707,1,13
19.5,7.05462253776231,1,13
20,6.90415376594516,1,13
20.5,6.90213824600751,1,13
21,6.97262525428068,1,13
21.5,7.30992953596205,1,13
22,6.75667696686244,1,13
22.5,7.1384163934242,1,13
23,7.05208575691966,1,13
23.5,7.32903213074358,1,13
24,7.25952149140444,1,13
24.5,7.35112141910328,1,13
25,7.05778088390438,1,13
25.5,6.86111144841137,1,13
26,6.57623334099587,1,13
26.5,7.20710871895881,1,13
27,7.00597037345898,1,13
27.5,7.37297051284299,1,13
28,6.79154458194278,1,13
28.5,7.1704185905732,1,13
29,6.89773875667736,1,13
29.5,7.18531627136268,1,13
30,7.11998935038918,1,13
0,2.26722965192818,1,14
0.5,4.00824831807791,1,14
1,4.14561545828624,1,14
1.5,4.2662218546753,1,14
2,4.14841204851173,1,14
2.5,4.94706300619465,1,14
3,4.52937865684081,1,14
3.5,4.25818361287139,1,14
4,4.3168013710992,1,14
4.5,4.50271777612059,1,14
5,4.29379635706158,1,14
5.5,4.50105326424226,1,14
6,4.57610666510934,1,14
6.5,4.17663088740032,1,14
7,4.61995888546667,1,14
7.5,4.22871020463273,1,14
8,4.55578408427599,1,14
8.5,4.15901723544352,1,14
9,4.20258397774394,1,14
9.5,4.45586577226514,1,14
10,4.40252272917323,1,14
10.5,4.51830303646859,1,14
11,4.27086129312378,1,14
11.5,4.48248093062188,1,14
12,4.63650971788586,1,14
12.5,4.49550184133,1,14
13,4.12439103925964,1,14
13.5,4.5419924979698,1,14
14,4.00502320619657,1,14
14.5,4.31249172484684,1,14
15,4.32338457526,1,14
15.5,4.22771152059032,1,14
16,4.57445802029379,1,14
16.5,4.11455788804309,1,14
17,4.25738820161653,1,14
17.5,4.39655281000113,1,14
18,4.5700438785301,1,14
18.5,4.16431054987037,1,14
19,3.94917228206477,1,14
19.5,4.20773249752042,1,14
20,4.59269407160962,1,14
20.5,4.64625224692842,1,14
21,4.26215247424605,1,14
21.5,4.29923697370989,1,14
22,4.38523948294125,1,14
22.5,4.31452619834825,1,14
23,4.68728607110124,1,14
23.5,4.62949913044939,1,14
24,4.26804074258812,1,14
24.5,4.32317424150112,1,14
25,4.5189936822222,1,14
25.5,4.1292537910308,1,14
26,4.34179154326773,1,14
26.5,4.33386318444971,1,14
27,4.19340613832917,1,14
27.5,4.22156110336609,1,14
28,4.53549338058501,1,14
28.5,4.22217780627355,1,14
29,4.23423495939779,1,14
29.5,4.5959892349785,1,14
30,4.46940339831642,1,14
0,2.08155926365199,1,15
0.5,5.52609264375542,1,15
1,6.03955138986049,1,15
1.5,6.27911289428416,1,15
2,5.83119319150656,1,15
2.5,6.49973201359192,1,15
3,6.21810301436951,1,15
3.5,5.96537960981435,1,15
4,5.81521274282383,1,15
4.5,6.1374260316147,1,15
5,5.78253812114378,1,15
5.5,6.04656679211467,1,15
6,6.31948028948168,1,15
6.5,6.39731069935545,1,15
7,6.06669675435053,1,15
7.5,6.44028034468038,1,15
8,6.49648348491025,1,15
8.5,5.76153675711706,1,15
9,6.1536084027852,1,15
9.5,6.08913038631468,1,15
10,6.50097646711445,1,15
10.5,6.13368961511827,1,15
11,5.87374888637669,1,15
11.5,6.0788549476891,1,15
12,6.27820366930191,1,15
12.5,5.85106682233303,1,15
13,6.32467092509855,1,15
13.5,5.96134703905877,1,15
14,6.21242737871283,1,15
14.5,6.21559140750895,1,15
15,6.68897444340223,1,15
15.5,6.32830305951582,1,15
16,5.90369008351253,1,15
16.5,6.06696468229689,1,15
17,6.29206209744078,1,15
17.5,6.24417069948796,1,15
18,6.44523213330261,1,15
18.5,6.07545809509039,1,15
19,6.21351517710224,1,15
19.5,6.19112087870543,1,15
20,6.21808552449086,1,15
20.5,6.03429285805144,1,15
21,6.29459575021421,1,15
21.5,6.17408735215432,1,15
22,6.43477783906814,1,15
22.5,5.82281453794782,1,15
23,6.21495745296018,1,15
23.5,6.03989513853418,1,15
24,6.31286140627745,1,15
24.5,6.51456399000876,1,15
25,6.06841686743096,1,15
25.5,5.78990695341172,1,15
26,6.10842808292852,1,15
26.5,6.20332314995834,1,15
27,6.04957713827578,1,15
27.5,6.21605267698209,1,15
28,6.44120025346728,1,15
28.5,6.0581443622435,1,15
29,5.89254643856565,1,15
29.5,6.30915220041092,1,15
30,6.27838835163103,1,15
0,1.78340327945463,1,16
0.5,5.40851203589875,1,16
1,5.87757840368478,1,16
1.5,6.11530560796698,1,16
2,6.33372892993157,1,16
2.5,6.31493796649405,1,16
3,6.70761642220014,1,16
3.5,6.40473677869878,1,16
4,6.86888696956492,1,16
4.5,6.53069800268977,1,16
5,6.88438781225758,1,16
5.5,6.6989533755678,1,16
6,6.68807086439567,1,16
6.5,6.51020118449238,1,16
7,6.78354989149295,1,16
7.5,6.92461197848122,1,16
8,6.83531853736027,1,16
8.5,7.09171615702343,1,16
9,7.54259893537973,1,16
9.5,7.32271578786862,1,16
10,7.01065584468865,1,16
10.5,7.29050026969562,1,16
11,7.02238003037488,1,16
11.5,6.5826920530593,1,16
12,6.81141669957175,1,16
12.5,6.91115507839156,1,16
13,7.00369778386016,1,16
13.5,7.2614689356811,1,16
14,6.83883174105538,1,16
14.5,7.142023004305,1,16
15,6.73202137119757,1,16
15.5,7.07774018323731,1,16
16,6.96321345463415,1,16
16.5,7.04756344497783,1,16
17,7.31763815362889,1,16
17.5,6.89308765946013,1,16
18,6.72796063148833,1,16
18.5,7.39389489165978,1,16
19,7.08654616759104,1,16
19.5,6.85815935694613,1,16
20,7.02564023240132,1,16
20.5,7.26131678340809,1,16
21,7.27217990091086,1,16
21.5,7.35046771355353,1,16
22,7.18560450955122,1,16
22.5,7.15069066971165,1,16
23,7.07389396778342,1,16
23.5,7.04662367629379,1,16
24,7.02991240120878,1,16
24.5,7.2167640526552,1,16
25,7.07801253338461,1,16
25.5,6.74674296826635,1,16
26,7.19350901949158,1,16
26.5,7.03005511868561,1,16
27,7.19962514923575,1,16
27.5,6.91451884660036,1,16
28,6.55152392597017,1,16
28.5,7.34690082981245,1,16
29,6.96181572698876,1,16
29.5,7.06399560543194,1,16
30,6.81554744554794,1,16
0,2.11622802891603,1,17
0.5,5.40236108679209,1,17
1,6.06177662359519,1,17
1.5,6.808511540242,1,17
2,6.95084949478086,1,17
2.5,6.85852665446993,1,17
3,6.82274016869053,1,17
3.5,6.99844402854635,1,17
4,7.52176516944537,1,17
4.5,7.2265591107386,1,17
5,7.41878862008592,1,17
5.5,7.40291143992257,1,17
6,7.55989327990497,1,17
6.5,7.18956446881641,1,17
7,7.64930351490289,1,17
7.5,7.56547364035154,1,17
8,7.86097714636036,1,17
8.5,7.65701019586642,1,17
9,7.75523469947646,1,17
9.5,7.74488714644564,1,17
10,7.91917346932875,1,17
10.5,7.61239698831893,1,17
11,7.69670910978961,1,17
11.5,7.5244887754247,1,17
12,7.16089548862958,1,17
12.5,7.66922965600592,1,17
13,7.92841369145149,1,17
13.5,8.08573146702498,1,17
14,7.77353821699647,1,17
14.5,7.89011679277125,1,17
15,7.79920973816175,1,17
15.5,7.36160928831941,1,17
16,7.67746991899681,1,17
16.5,7.5763745173084,1,17
17,7.83257045995185,1,17
17.5,7.50312792984114,1,17
18,7.66810625791218,1,17
18.5,7.47573000699628,1,17
19,7.58795284045553,1,17
19.5,7.83617119211026,1,17
20,7.56911151792587,1,17
20.5,7.39503735770598,1,17
21,7.62796750635716,1,17
21.5,7.76036908923271,1,17
22,7.38817895545252,1,17
22.5,7.50960949548404,1,17
23,7.39750933726269,1,17
23.5,7.6950695063975,1,17
24,7.40875338240759,1,17
24.5,7.30065529004229,1,17
25,7.54326521563479,1,17
25.5,7.50676573717089,1,17
26,7.55054433585825,1,17
26.5,7.46223917049136,1,17
27,7.59309146575118,1,17
27.5,7.29743720513567,1,17
28,7.51596534363721,1,17
28.5,7.54581621387057,1,17
29,7.0873739576462,1,17
29.5,7.36431095010562,1,17
30,7.36790856716738,1,17
0,2.16125745854218,1,18
0.5,5.28996128188276,1,18
1,5.93606641545325,1,18
1.5,6.18704228544925,1,18
2,6.42814346402712,1,18
2.5,6.63444519434384,1,18
3,7.44228559352107,1,18
3.5,6.63804996549032,1,18
4,7.11535147576223,1,18
4.5,7.10707295662991,1,18
5,7.44350604519132,1,18
5.5,7.10271765345413,1,18
6,7.11546409124795,1,18
6.5,7.33962787769831,1,18
7,7.20821031685627,1,18
7.5,7.63181095121734,1,18
8,7.40691440603709,1,18
8.5,7.75499312518399,1,18
9,7.44049045315098,1,18
9.5,7.64036525855475,1,18
10,7.35640779860225,1,18
10.5,7.5133632165167,1,18
11,7.64133690641266,1,18
11.5,7.6730836482471,1,18
12,7.56879893817334,1,18
12.5,7.45829774197048,1,18
13,8.00011592502737,1,18
13.5,7.68312038405382,1,18
14,7.52915099752036,1,18
14.5,7.44967085637112,1,18
15,7.46258598043365,1,18
15.5,7.42478973680615,1,18
16,7.96373918466387,1,18
16.5,7.53304815546769,1,18
17,7.6483221083728,1,18
17.5,7.6277967013065,1,18
18,7.63967326026623,1,18
18.5,7.88002957657254,1,18
19,7.23757510258246,1,18
19.5,7.66892726073871,1,18
20,7.48502464203392,1,18
20.5,7.4927025485842,1,18
21,7.12168691802759,1,18
21.5,7.78112420715924,1,18
22,7.75008794699973,1,18
22.5,7.22607485889565,1,18
23,7.29420570040213,1,18
23.5,7.4690010713197,1,18
24,7.66048567316526,1,18
24.5,7.35634262098282,1,18
25,7.55667540978356,1,18
25.5,7.71069091319332,1,18
26,7.65606941616263,1,18
26.5,7.65134276348175,1,18
27,7.81360469480904,1,18
27.5,7.67210919130475,1,18
28,7.79498475447213,1,18
28.5,7.58840788247289,1,18
29,7.37462353437108,1,18
29.5,7.45926797935092,1,18
30,7.55700210391487,1,18
0,1.88968675991565,1,19
0.5,6.82624313659728,1,19
1,7.1614942851003,1,19
1.5,7.82163683363555,1,19
2,7.7398977815825,1,19
2.5,8.01224234787776,1,19
3,7.85230540852787,1,19
3.5,8.14859745882933,1,19
4,8.31117443668168,1,19
4.5,7.75727521202017,1,19
5,8.41698279806377,1,19
5.5,8.22373814053926,1,19
6,8.7599609951694,1,19
6.5,8.16304586707844,1,19
7,8.4096909881503,1,19
7.5,8.40144062285131,1,19
8,8.09370121596653,1,19
8.5,8.31011544591672,1,19
9,8.19297403394399,1,19
9.5,8.76445525062546,1,19
10,8.56077536207919,1,19
10.5,8.60519129934539,1,19
11,8.63643221813934,1,19
11.5,8.16272201032416,1,19
12,8.45406267624129,1,19
12.5,8.37280119698072,1,19
13,8.48744150968555,1,19
13.5,8.43780159814832,1,19
14,8.26343730084107,1,19
14.5,8.28282795924312,1,19
15,8.08124465570201,1,19
15.5,8.48440449886151,1,19
16,8.42294761946871,1,19
16.5,8.40999083270323,1,19
17,8.52892947535216,1,19
17.5,8.75735169243844,1,19
18,8.12157405817484,1,19
18.5,8.25619638923864,1,19
19,8.29386208381126,1,19
19.5,8.24899555071078,1,19
20,8.57113299051526,1,19
20.5,8.22243877917539,1,19
21,8.20090107820518,1,19
21.5,8.19588800828689,1,19
22,8.20667347447483,1,19
22.5,7.90788807724923,1,19
23,8.49296040393112,1,19
23.5,8.22845777357971,1,19
24,8.27101686128222,1,19
24.5,8.50614536396516,1,19
25,8.26493740191651,1,19
25.5,8.25489305446684,1,19
26,8.05428279180246,1,19
26.5,8.80203325399286,1,19
27,8.5725787266939,1,19
27.5,8.47390189170823,1,19
28,8.55908209071632,1,19
28.5,8.32601907234432,1,19
29,8.28542595264112,1,19
29.5,8.35749838233705,1,19
30,8.29346608753565,1,19
0,2.45467736046236,1,20
0.5,6.08269998437508,1,20
1,6.70775072487,1,20
1.5,6.90181069328445,1,20
2,6.65403358826028,1,20
2.5,6.68032438038356,1,20
3,7.43724850784568,1,20
3.5,7.32868262763777,1,20
4,7.12345233236107,1,20
4.5,6.99160921639186,1,20
5,7.13047691979439,1,20
5.5,7.4797752606992,1,20
6,7.52582733214136,1,20
6.5,7.21965484704699,1,20
7,6.68976198223637,1,20
7.5,7.00812692292575,1,20
8,7.24382194295296,1,20
8.5,7.39942671529317,1,20
9,7.39863878959485,1,20
9.5,7.13295707322612,1,20
10,7.14349571653529,1,20
10.5,7.07714889039551,1,20
11,7.32358380076744,1,20
11.5,7.40934247570796,1,20
12,7.02104941195779,1,20
12.5,7.20954308318817,1,20
13,7.07874616289701,1,20
13.5,7.43281355474648,1,20
14,7.43888878870823,1,20
14.5,6.98785570051221,1,20
15,7.20576588275334,1,20
15.5,7.17542891377111,1,20
16,7.14930154421988,1,20
16.5,7.27481124553891,1,20
17,7.10588251979719,1,20
17.5,7.16570904907032,1,20
18,7.09943799560357,1,20
18.5,7.14080283629087,1,20
19,6.82544048448238,1,20
19.5,7.04488848068199,1,20
20,7.19218563762919,1,20
20.5,7.05381946940367,1,20
21,7.05355152340054,1,20
21.5,6.72859944392581,1,20
22,7.34861873430598,1,20
22.5,6.79327843249167,1,20
23,7.05980138092041,1,20
23.5,6.90635631716308,1,20
24,7.11895058030006,1,20
24.5,7.06974180753331,1,20
25,7.21137489520511,1,20
25.5,6.96315761048789,1,20
26,7.22352592617538,1,20
26.5,7.32238659508793,1,20
27,6.59386236085077,1,20
27.5,6.91965124721423,1,20
28,7.25653191717013,1,20
28.5,6.8581954469941,1,20
29,6.94563291252261,1,20
29.5,6.91400691593952,1,20
30,7.14101914538805,1,20
0,2.144891231605,1,21
0.5,5.72980923279158,1,21
1,6.79524500959817,1,21
1.5,7.03860067095271,1,21
2,6.74643087595474,1,21
2.5,6.75646774788898,1,21
3,7.07704600857812,1,21
3.5,7.39466268427082,1,21
4,7.05713488051961,1,21
4.5,7.14256586755172,1,21
5,7.23862903189752,1,21
5.5,7.49499221771803,1,21
6,7.25055539691897,1,21
6.5,7.3018021094494,1,21
7,7.17179675442778,1,21
7.5,6.9881154669661,1,21
8,7.6635207276404,1,21
8.5,7.3957870712562,1,21
9,7.44468052259408,1,21
9.5,6.93580405348118,1,21
10,7.46825970217315,1,21
10.5,7.48842485162864,1,21
11,7.19688642213968,1,21
11.5,7.32819607524562,1,21
12,7.18012428469257,1,21
12.5,7.35076365679676,1,21
13,7.46737127393189,1,21
13.5,7.04378483267328,1,21
14,7.47545431498402,1,21
14.5,7.25977939195175,1,21
15,7.50218316918922,1,21
15.5,7.3723869563705,1,21
16,7.46008096556083,1,21
16.5,7.09425323963221,1,21
17,7.53841197016434,1,21
17.5,7.58783544351757,1,21
18,7.20902264218625,1,21
18.5,7.16637578822133,1,21
19,7.37681573333179,1,21
19.5,7.21126608723258,1,21
20,7.28747038040223,1,21
20.5,7.01935610159008,1,21
21,7.25076489146986,1,21
21.5,7.60120202110541,1,21
22,7.24032217797187,1,21
22.5,7.44138918094995,1,21
23,7.28038357998755,1,21
23.5,7.15861373482817,1,21
24,7.26312899172275,1,21
24.5,6.90968812050249,1,21
25,7.54511051746234,1,21
25.5,7.17383408489542,1,21
26,7.40826408906713,1,21
26.5,6.83795621920556,1,21
27,7.25097966378183,1,21
27.5,7.5943975396678,1,21
28,7.35002408042083,1,21
28.5,7.29498887534791,1,21
29,7.17399378802473,1,21
29.5,7.30297397045475,1,21
30,7.41951949319623,1,21
0,1.75931583179955,1,22
0.5,5.25297847201878,1,22
1,5.68631478824933,1,22
1.5,6.02620265301864,1,22
2,5.78887778792868,1,22
2.5,6.73778547327758,1,22
3,6.72749454984957,1,22
3.5,6.50559789357104,1,22
4,6.39596312309078,1,22
4.5,6.55976018361856,1,22
5,6.3752074694322,1,22
5.5,6.946055712447,1,22
6,7.07034344385474,1,22
6.5,6.39300629681957,1,22
7,6.63920767413127,1,22
7.5,6.8386095605202,1,22
8,6.42011617222167,1,22
8.5,7.13853902943089,1,22
9,7.15812701229816,1,22
9.5,6.70011600772758,1,22
10,6.81994919917017,1,22
10.5,6.97333531641647,1,22
11,6.55116836429365,1,22
11.5,6.99917988904367,1,22
12,6.71219164029024,1,22
12.5,6.87987980871989,1,22
13,6.61314845977321,1,22
13.5,6.34231942192772,1,22
14,6.5473053294778,1,22
14.5,6.57779616048566,1,22
15,7.07919846102788,1,22
15.5,6.72004771597969,1,22
16,6.75910425386142,1,22
16.5,6.84670949929785,1,22
17,6.6877881296627,1,22
17.5,6.74329677110902,1,22
18,6.58306040225849,1,22
18.5,6.94906607642376,1,22
19,6.60962110733771,1,22
19.5,7.02907450509612,1,22
20,6.63525642597363,1,22
20.5,6.58319946401473,1,22
21,6.98089257375357,1,22
21.5,6.48049600954972,1,22
22,6.98711413288542,1,22
22.5,6.63492264246455,1,22
23,6.67822335200545,1,22
23.5,7.01882780173366,1,22
24,6.56664627642771,1,22
24.5,6.63891517029313,1,22
25,6.72585161526353,1,22
25.5,6.72633973173861,1,22
26,7.03984367030842,1,22
26.5,6.61765032676076,1,22
27,6.6582095969273,1,22
27.5,6.85780948602054,1,22
28,6.96579299381405,1,22
28.5,6.62008166315912,1,22
29,6.96031389316931,1,22
29.5,6.80214842672355,1,22
30,6.78007790615386,1,22
0,2.0620564741831,1,23
0.5,4.7709019378341,1,23
1,5.70037531841654,1,23
1.5,5.4477664225549,1,23
2,5.52407968277683,1,23
2.5,5.61078942274106,1,23
3,5.71610499295236,1,23
3.5,5.86221273409837,1,23
4,5.31151116369019,1,23
4.5,5.8244717870609,1,23
5,5.36404338177441,1,23
5.5,5.51432162719132,1,23
6,5.30029545207251,1,23
6.5,5.65915541402197,1,23
7,5.87279422889231,1,23
7.5,5.68106490002785,1,23
8,5.66622263043849,1,23
8.5,5.84305506578789,1,23
9,5.82523518495843,1,23
9.5,5.79923133635921,1,23
10,5.70551096554706,1,23
10.5,5.90060620735668,1,23
11,5.69008576631388,1,23
11.5,5.83692779958849,1,23
12,6.05738641716298,1,23
12.5,5.86631610263338,1,23
13,5.68914116725125,1,23
13.5,5.84459837938247,1,23
14,5.76640223018328,1,23
14.5,5.75660043435931,1,23
15,5.77009317719372,1,23
15.5,5.09453731004722,1,23
16,5.30927459451002,1,23
16.5,5.57030460988908,1,23
17,6.01119926691087,1,23
17.5,5.75636852408149,1,23
18,5.80433248236051,1,23
18.5,5.85259271016055,1,23
19,5.83203793403428,1,23
19.5,5.82982808355294,1,23
20,5.81211780911499,1,23
20.5,5.88837930687314,1,23
21,5.6843012304304,1,23
21.5,5.82660745963079,1,23
22,5.56320982886653,1,23
22.5,6.03502556674476,1,23
23,5.88672623737822,1,23
23.5,5.32073431496511,1,23
24,5.69333247201184,1,23
24.5,5.73459414106542,1,23
25,5.5246537845774,1,23
25.5,5.98973917693147,1,23
26,5.83400485975148,1,23
26.5,5.73124454954257,1,23
27,5.8082268993349,1,23
27.5,5.44051423587299,1,23
28,5.78904996549819,1,23
28.5,5.84356567540115,1,23
29,5.61838567316132,1,23
29.5,5.98573682184057,1,23
30,5.7328694231385,1,23
0,2.35038758393903,1,24
0.5,5.54355464486751,1,24
1,5.88608290908703,1,24
1.5,6.05520236666849,1,24
2,6.21127915254297,1,24
2.5,6.17296032339104,1,24
3,6.07579346321942,1,24
3.5,5.90186657548163,1,24
4,5.81074138031937,1,24
4.5,6.09243450124793,1,24
5,6.11100571973016,1,24
5.5,5.95002283149294,1,24
6,5.84278111960867,1,24
6.5,5.60694001371169,1,24
7,5.4870561931217,1,24
7.5,5.51319984752818,1,24
8,4.9951722450822,1,24
8.5,4.927461959654,1,24
9,5.20899860413635,1,24
9.5,4.96709628563566,1,24
10,4.5379267551497,1,24
10.5,4.78381676072448,1,24
11,4.30840570271885,1,24
11.5,4.39827003552194,1,24
12,4.5978210718919,1,24
12.5,4.13139640502137,1,24
13,4.69645658599705,1,24
13.5,4.67189384467458,1,24
14,4.36177278127468,1,24
14.5,3.91204660910497,1,24
15,4.37976689448781,1,24
15.5,4.44198925812033,1,24
16,4.28946725188237,1,24
16.5,4.00327272530243,1,24
17,4.20011111757897,1,24
17.5,4.34270659031722,1,24
18,3.63666561036487,1,24
18.5,3.83992171089275,1,24
19,4.24276569657566,1,24
19.5,4.0694132013405,1,24
20,3.38472724993212,1,24
20.5,3.26025293205163,1,24
21,3.1617766908247,1,24
21.5,3.21024485476324,1,24
22,2.83378405858866,1,24
22.5,2.77812871791288,1,24
23,2.9491048976922,1,24
23.5,2.6650259595542,1,24
24,2.34031192800028,1,24
24.5,2.8403045558,1,24
25,3.04198389451329,1,24
25.5,3.12857482159985,1,24
26,2.64012616798362,1,24
26.5,2.55926533061817,1,24
27,3.02473429082919,1,24
27.5,2.5211363055027,1,24
28,2.45526902298404,1,24
28.5,2.57579891284158,1,24
29,1.47110131237202,1,24
29.5,2.16266232165765,1,24
30,2.55616498506506,1,24
0,2.15752748849856,1,25
0.5,5.6872879248433,1,25
1,6.8043105846939,1,25
1.5,6.69244307663967,1,25
2,7.10004642284961,1,25
2.5,7.6966199774622,1,25
3,7.61587949740319,1,25
3.5,7.74355702737277,1,25
4,7.73697064582317,1,25
4.5,7.92105779517059,1,25
5,7.86076281280546,1,25
5.5,7.97122430506163,1,25
6,7.9600889357621,1,25
6.5,7.98710904132283,1,25
7,8.1674695955758,1,25
7.5,8.52773800164961,1,25
8,7.59703103587857,1,25
8.5,8.65151160579989,1,25
9,8.4325744980894,1,25
9.5,8.12623633606531,1,25
10,8.34806124923823,1,25
10.5,8.05077778133117,1,25
11,8.68734497040868,1,25
11.5,8.03227788217887,1,25
12,8.52247924736547,1,25
12.5,8.4989050803983,1,25
13,8.36903309793012,1,25
13.5,8.39524064304871,1,25
14,8.93367405660084,1,25
14.5,8.69992948223236,1,25
15,8.76458081564177,1,25
15.5,8.49028023950886,1,25
16,8.58177812721581,1,25
16.5,8.37092696165404,1,25
17,8.53570438991931,1,25
17.5,8.62954004350928,1,25
18,9.04316659293853,1,25
18.5,8.18281355056895,1,25
19,8.47446189899604,1,25
19.5,8.54802279943554,1,25
20,8.08556917041421,1,25
20.5,8.64172032938842,1,25
21,8.40103748208478,1,25
21.5,8.46154359607816,1,25
22,8.73529386141501,1,25
22.5,8.70931491723338,1,25
23,8.72486114801485,1,25
23.5,9.0597856811161,1,25
24,8.72597751637675,1,25
24.5,8.56180582654271,1,25
25,8.71022373912472,1,25
25.5,8.8698680245327,1,25
26,8.84309617651993,1,25
26.5,8.36309523016027,1,25
27,8.35000050009502,1,25
27.5,8.71971571143627,1,25
28,8.48306011189463,1,25
28.5,8.68477618014744,1,25
29,8.76571637714193,1,25
29.5,8.43565098407248,1,25
30,8.58602927637229,1,25
0,2.08090497963235,1,26
0.5,5.41726382363479,1,26
1,5.61367327195737,1,26
1.5,5.95732452142628,1,26
2,6.31979302193785,1,26
2.5,6.28272080966347,1,26
3,6.05288522475545,1,26
3.5,6.22221983390331,1,26
4,6.65710049230156,1,26
4.5,6.50838037430301,1,26
5,6.74748132437398,1,26
5.5,6.33357687892177,1,26
6,6.33621874267983,1,26
6.5,6.28562256978046,1,26
7,5.85201521484676,1,26
7.5,5.88841216194307,1,26
8,6.36961848817503,1,26
8.5,5.72188029992283,1,26
9,5.76299512462018,1,26
9.5,6.09256454423377,1,26
10,5.67942475484511,1,26
10.5,5.25266988815645,1,26
11,5.40817244599602,1,26
11.5,5.71722619037751,1,26
12,5.32247492013269,1,26
12.5,5.83918250175868,1,26
13,5.26088715787207,1,26
13.5,5.70903793908227,1,26
14,5.1462608853682,1,26
14.5,5.31977796555878,1,26
15,5.3124996029935,1,26
15.5,5.2084890294248,1,26
16,4.40218667324777,1,26
16.5,4.5667964950937,1,26
17,4.71086668120065,1,26
17.5,4.71994225725142,1,26
18,4.56449687223884,1,26
18.5,4.54498278250984,1,26
19,4.30921589573274,1,26
19.5,4.08819868384713,1,26
20,4.18235574003698,1,26
20.5,4.38599284876831,1,26
21,4.03202616942826,1,26
21.5,3.93982018781256,1,26
22,3.77077376467637,1,26
22.5,3.94942065156474,1,26
23,3.29494659275861,1,26
23.5,3.96589093518846,1,26
24,3.74310683691631,1,26
24.5,3.31605191468766,1,26
25,3.32844539886486,1,26
25.5,3.30116687895826,1,26
26,3.49254151455146,1,26
26.5,3.38168748133935,1,26
27,3.62399185286211,1,26
27.5,3.07987411345182,1,26
28,3.09410485508102,1,26
28.5,2.98827404305054,1,26
29,3.28899305255005,1,26
29.5,3.15296326396376,1,26
30,2.85550874652343,1,26
0,2.03992886872271,1,27
0.5,5.78613274203426,1,27
1,6.34910976850382,1,27
1.5,6.45854408123689,1,27
2,7.74212980559699,1,27
2.5,7.30555690506826,1,27
3,7.45951698206439,1,27
3.5,7.42354392614744,1,27
4,7.97302476347838,1,27
4.5,7.71425406072816,1,27
5,7.6609114506157,1,27
5.5,7.74637597275713,1,27
6,7.65879312130655,1,27
6.5,8.24171779285536,1,27
7,8.08442288701434,1,27
7.5,8.22477356343068,1,27
8,7.58461800692496,1,27
8.5,8.12684269933662,1,27
9,8.10328032793688,1,27
9.5,8.24997785948826,1,27
10,8.32506185612787,1,27
10.5,8.05327875583115,1,27
11,7.89541025247461,1,27
11.5,8.10043061639088,1,27
12,7.99916480822432,1,27
12.5,7.85269194575394,1,27
13,8.23860949625311,1,27
13.5,7.85891921492345,1,27
14,8.71987040027291,1,27
14.5,8.16725257537841,1,27
15,7.97770472674945,1,27
15.5,8.26866467346528,1,27
16,8.43913296403363,1,27
16.5,8.20193228884726,1,27
17,8.31572403286008,1,27
17.5,8.16899089318288,1,27
18,8.4459773117943,1,27
18.5,8.19035647461818,1,27
19,7.99638778597832,1,27
19.5,8.11768283913087,1,27
20,8.26940863113995,1,27
20.5,8.11967240656537,1,27
21,8.50790816727342,1,27
21.5,8.3242949187403,1,27
22,8.50046705894398,1,27
22.5,8.68163334939067,1,27
23,8.50896396843072,1,27
23.5,8.37605775723383,1,27
24,8.23637581028491,1,27
24.5,8.14739645326013,1,27
25,8.15982762720949,1,27
25.5,8.49911567634805,1,27
26,8.40441090015349,1,27
26.5,8.34892555722922,1,27
27,7.94870024032022,1,27
27.5,8.58076745198903,1,27
28,8.06375425701866,1,27
28.5,8.49744619823402,1,27
29,8.3596309812506,1,27
29.5,8.14082616579063,1,27
30,8.27959565736837,1,27
0,1.85823784039871,1,28
0.5,4.63750698510368,1,28
1,4.84220031523386,1,28
1.5,5.25062203717769,1,28
2,5.41381650743456,1,28
2.5,5.49041420178191,1,28
3,5.99984768971338,1,28
3.5,5.75009433905031,1,28
4,5.85122336872714,1,28
4.5,5.83217871755633,1,28
5,6.27085788258486,1,28
5.5,5.84633904769552,1,28
6,5.88193147351614,1,28
6.5,6.14033744361589,1,28
7,5.78099582484641,1,28
7.5,5.96747287387694,1,28
8,6.16980920631826,1,28
8.5,6.1498237089258,1,28
9,5.93338733867501,1,28
9.5,5.81436544764046,1,28
10,6.11537666248654,1,28
10.5,6.01576123329766,1,28
11,5.73512422761655,1,28
11.5,6.12540985912119,1,28
12,5.94870855244863,1,28
12.5,6.46010170576026,1,28
13,6.32160199841666,1,28
13.5,5.92702555548982,1,28
14,6.02039520775567,1,28
14.5,5.69329432480864,1,28
15,6.17077738119183,1,28
15.5,6.28700440087575,1,28
16,6.02269990392754,1,28
16.5,6.20829661874118,1,28
17,5.75185963214548,1,28
17.5,5.89375665953952,1,28
18,5.97650217618143,1,28
18.5,5.85764291803604,1,28
19,6.18598070484951,1,28
19.5,5.9578559252241,1,28
20,5.8965853002626,1,28
20.5,5.82194684056043,1,28
21,5.98914877233232,1,28
21.5,5.99083321423792,1,28
22,5.98256592697298,1,28
22.5,6.01991917057337,1,28
23,6.15327252625932,1,28
23.5,6.03386811836967,1,28
24,6.21435228579439,1,28
24.5,5.91693752341587,1,28
25,5.63237161722878,1,28
25.5,5.97342610683513,1,28
26,6.20538750626145,1,28
26.5,5.94172560661474,1,28
27,6.0934090497134,1,28
27.5,6.0625714202488,1,28
28,5.7670942168518,1,28
28.5,6.13078878600513,1,28
29,6.34923369142425,1,28
29.5,6.04341520702342,1,28
30,6.12951939125442,1,28
0,2.16434839741783,1,29
0.5,6.01244458232475,1,29
1,6.40446024296898,1,29
1.5,6.27248314024829,1,29
2,7.13812080057406,1,29
2.5,7.43578826297836,1,29
3,7.18807615826834,1,29
3.5,6.71964958349561,1,29
4,6.59813180300464,1,29
4.5,6.50886844310085,1,29
5,7.1330154220076,1,29
5.5,6.94780307171077,1,29
6,6.55388919101103,1,29
6.5,7.09509730979568,1,29
7,7.19347835004228,1,29
7.5,6.8023339838962,1,29
8,6.94634792529479,1,29
8.5,6.8702456681067,1,29
9,7.02763812703728,1,29
9.5,6.78884265749889,1,29
10,6.51755346875801,1,29
10.5,6.81376242233972,1,29
11,6.90942889071531,1,29
11.5,6.90560527261871,1,29
12,6.74583126218884,1,29
12.5,6.79976817780894,1,29
13,6.64678557045715,1,29
13.5,7.00421011709967,1,29
14,6.80953710365896,1,29
14.5,7.1946165480059,1,29
15,6.90214636574049,1,29
15.5,6.81057289392486,1,29
16,6.68816909878632,1,29
16.5,6.96221837307405,1,29
17,6.77147067720866,1,29
17.5,7.03687595830497,1,29
18,6.67913214078288,1,29
18.5,6.96030451319163,1,29
19,6.99134596285679,1,29
19.5,6.89342259442184,1,29
20,6.94103728971289,1,29
20.5,6.36411479555299,1,29
21,6.81718046179552,1,29
21.5,6.52961358012207,1,29
22,7.14687322388218,1,29
22.5,6.833310228373,1,29
23,6.7345176246217,1,29
23.5,7.06923970714558,1,29
24,7.17361435903646,1,29
24.5,7.12655904961862,1,29
25,6.64756761931794,1,29
25.5,6.70744486912275,1,29
26,6.71289288811228,1,29
26.5,6.98054373098627,1,29
27,6.88921439697,1,29
27.5,6.73540176045334,1,29
28,7.08578037257513,1,29
28.5,7.26918286151825,1,29
29,6.65024682634345,1,29
29.5,6.59949959012015,1,29
30,6.80512761110874,1,29
0,2.63128435959698,1,30
0.5,4.3628400361766,1,30
1,4.65544163885912,1,30
1.5,4.98161124025861,1,30
2,4.97387269798313,1,30
2.5,5.16130044223145,1,30
3,5.31272166474705,1,30
3.5,5.84744098232489,1,30
4,5.28277830173097,1,30
4.5,5.16484729245979,1,30
5,5.45235078204549,1,30
5.5,5.23426872853861,1,30
6,5.42361799504448,1,30
6.5,5.25106399322209,1,30
7,5.17195588882345,1,30
7.5,5.45411903794195,1,30
8,5.30966796478311,1,30
8.5,5.3145321063683,1,30
9,5.39497487923424,1,30
9.5,5.44646297682362,1,30
10,5.52267592720857,1,30
10.5,5.5098279343873,1,30
11,4.79388344033584,1,30
11.5,5.37760452591461,1,30
12,5.1856653382549,1,30
12.5,5.28231410890111,1,30
13,4.80180197529765,1,30
13.5,5.35322829458601,1,30
14,5.36389671184303,1,30
14.5,5.55223516328202,1,30
15,5.32454144744621,1,30
15.5,4.90850566188743,1,30
16,5.43520480956934,1,30
16.5,5.28885732921091,1,30
17,5.55056055727312,1,30
17.5,5.3972076204186,1,30
18,5.26637846314926,1,30
18.5,5.35019696005991,1,30
19,5.27356997365708,1,30
19.5,4.82607668052355,1,30
20,5.7266626085909,1,30
20.5,5.09821117639276,1,30
21,5.27140177573782,1,30
21.5,4.64967623307743,1,30
22,5.26979521258602,1,30
22.5,5.21931627861874,1,30
23,5.24707035335926,1,30
23.5,5.5418695505459,1,30
24,5.51766447507712,1,30
24.5,5.45477040911818,1,30
25,4.98123353634768,1,30
25.5,5.13927545599569,1,30
26,5.33790756759262,1,30
26.5,5.12722918856187,1,30
27,4.99734512760654,1,30
27.5,5.50398818885166,1,30
28,5.28058518352897,1,30
28.5,5.48356247015244,1,30
29,5.42255868951706,1,30
29.5,5.19454349177704,1,30
30,5.31971542522903,1,30
0,2.32132460360867,1,31
0.5,6.93182609275958,1,31
1,7.56500584379745,1,31
1.5,7.69541862773883,1,31
2,8.05741641831174,1,31
2.5,8.11591899752106,1,31
3,7.86869842310392,1,31
3.5,8.35522794243172,1,31
4,8.15828876743559,1,31
4.5,8.67296600844515,1,31
5,8.22247772132133,1,31
5.5,8.46913236616206,1,31
6,8.50919276977605,1,31
6.5,8.49376888515114,1,31
7,8.58801334765384,1,31
7.5,8.32784304022521,1,31
8,8.2426583940317,1,31
8.5,8.41685838076414,1,31
9,8.34834313248207,1,31
9.5,8.03996205513996,1,31
10,8.72831149300003,1,31
10.5,8.49789371407967,1,31
11,8.08653649730241,1,31
11.5,8.63968922936234,1,31
12,8.17637161108913,1,31
12.5,8.11382647346183,1,31
13,8.54965775308284,1,31
13.5,8.249676765481,1,31
14,8.71496378273953,1,31
14.5,8.1031978250164,1,31
15,8.38035285719813,1,31
15.5,8.7090962653557,1,31
16,8.32330276288152,1,31
16.5,8.40873999739986,1,31
17,8.36817897178595,1,31
17.5,8.27976136381761,1,31
18,8.51333090384058,1,31
18.5,8.57569123512877,1,31
19,8.68922095119742,1,31
19.5,7.83064487004317,1,31
20,8.62268667890109,1,31
20.5,8.48416954938604,1,31
21,8.58588371340547,1,31
21.5,8.34218349996057,1,31
22,8.40560094922921,1,31
22.5,8.43665533395184,1,31
23,8.45250472703607,1,31
23.5,8.16646763221556,1,31
24,8.58633331795524,1,31
24.5,8.16755150067717,1,31
25,8.90994629745369,1,31
25.5,8.55879016474431,1,31
26,8.48667367229307,1,31
26.5,8.55875892472963,1,31
27,8.28343051902124,1,31
27.5,8.52775621360746,1,31
28,8.43700350177583,1,31
28.5,8.57426354766899,1,31
29,8.64804669290038,1,31
29.5,8.29682655375723,1,31
30,8.54399309582008,1,31
0,2.25412094715784,1,32
0.5,7.32939115148477,1,32
1,7.88303295812341,1,32
1.5,8.35358541931985,1,32
2,8.18212935702906,1,32
2.5,8.58231857238208,1,32
3,8.52507225262955,1,32
3.5,8.51140248694669,1,32
4,8.77667566467269,1,32
4.5,8.28296435074116,1,32
5,8.56388641814343,1,32
5.5,8.71878778563532,1,32
6,8.7456907422314,1,32
6.5,8.65111652990109,1,32
7,8.63662464382432,1,32
7.5,8.67110184483117,1,32
8,8.61571819160085,1,32
8.5,8.75657170099037,1,32
9,8.66019625957291,1,32
9.5,8.75458092843122,1,32
10,9.07274685376107,1,32
10.5,8.74515929813291,1,32
11,8.75913510420983,1,32
11.5,8.42552541503815,1,32
12,9.04030402892536,1,32
12.5,8.67922710680213,1,32
13,8.84576942150811,1,32
13.5,8.74875342612591,1,32
14,8.89061771370944,1,32
14.5,8.52365974576095,1,32
15,8.87608193043942,1,32
15.5,8.75620118782422,1,32
16,9.06235642607505,1,32
16.5,8.78998695535054,1,32
17,8.85045018557826,1,32
17.5,8.69350798071642,1,32
18,8.44499018601155,1,32
18.5,8.74120447788981,1,32
19,9.00409799093809,1,32
19.5,8.98706019668303,1,32
20,8.72284337519102,1,32
20.5,8.40394282344094,1,32
21,8.75757464547405,1,32
21.5,8.85029869011261,1,32
22,8.70538090829448,1,32
22.5,8.97929501007891,1,32
23,8.76667713245322,1,32
23.5,8.88730858317821,1,32
24,8.77894546279885,1,32
24.5,8.72260005982563,1,32
25,8.51673679448318,1,32
25.5,8.76891189203502,1,32
26,8.69643809023869,1,32
26.5,8.72355667831929,1,32
27,8.6402984521088,1,32
27.5,8.62660832612598,1,32
28,8.76280720609903,1,32
28.5,8.54922332983448,1,32
29,8.8052603350211,1,32
29.5,8.87853198539509,1,32
30,8.79950031298394,1,32
0,2.22059990955537,1,33
0.5,6.46221624641426,1,33
1,6.62809546571039,1,33
1.5,7.1818365305883,1,33
2,6.85834244784719,1,33
2.5,7.61754058193009,1,33
3,7.35097935696501,1,33
3.5,7.68046036234993,1,33
4,7.71004023641743,1,33
4.5,7.55813363862029,1,33
5,7.45177815398304,1,33
5.5,7.67410491262617,1,33
6,7.48158597542627,1,33
6.5,7.4537285846103,1,33
7,7.7264730778012,1,33
7.5,7.67583779720035,1,33
8,7.66509580161603,1,33
8.5,7.74070563653577,1,33
9,7.87874746726745,1,33
9.5,7.58655078052654,1,33
10,8.00716264933808,1,33
10.5,7.83280386918668,1,33
11,7.93787373715846,1,33
11.5,7.85475339874105,1,33
12,7.65595110844924,1,33
12.5,7.56799319569762,1,33
13,7.7604399786656,1,33
13.5,7.6727460937573,1,33
14,7.61808655909558,1,33
14.5,7.90326247475328,1,33
15,7.56590226885769,1,33
15.5,7.497409907799,1,33
16,7.50520627610072,1,33
16.5,7.85667356320411,1,33
17,7.36444346196271,1,33
17.5,7.681530676667,1,33
18,7.77026561874414,1,33
18.5,7.88812381750816,1,33
19,7.76846797679923,1,33
19.5,7.71221580965836,1,33
20,7.58396199655096,1,33
20.5,7.81946458178201,1,33
21,7.8580534614807,1,33
21.5,8.15053657037179,1,33
22,7.32625833329366,1,33
22.5,7.6886539459667,1,33
23,7.62767089581325,1,33
23.5,7.77360667305723,1,33
24,7.38418089586388,1,33
24.5,7.88368162889254,1,33
25,7.5538919100928,1,33
25.5,7.72415708617825,1,33
26,7.40721496515508,1,33
26.5,7.54637607260405,1,33
27,7.69945471426165,1,33
27.5,7.54583218743851,1,33
28,7.54801283510786,1,33
28.5,7.75989554137897,1,33
29,8.07698411196376,1,33
29.5,7.92860425739693,1,33
30,7.93721716104563,1,33
0,2.25973716866621,1,34
0.5,5.80603596056155,1,34
1,6.42098660402672,1,34
1.5,7.0874472599565,1,34
2,6.97382441043004,1,34
2.5,7.46853922004176,1,34
3,7.21111664279569,1,34
3.5,7.30787736921727,1,34
4,7.4644649963053,1,34
4.5,7.64315256392998,1,34
5,7.70410583640667,1,34
5.5,7.815125887261,1,34
6,7.53917437657044,1,34
6.5,7.78957106280664,1,34
7,7.54762155928326,1,34
7.5,7.48150017700749,1,34
8,7.22799455329876,1,34
8.5,7.37480983082613,1,34
9,7.53884477853594,1,34
9.5,8.09743482247021,1,34
10,7.97084279060878,1,34
10.5,7.82365649649111,1,34
11,7.60618015962373,1,34
11.5,8.05912301194584,1,34
12,7.79923924959941,1,34
12.5,7.90557945557168,1,34
13,7.70595304523107,1,34
13.5,7.82627024751732,1,34
14,7.66833817182836,1,34
14.5,7.83067514459254,1,34
15,7.60216049649005,1,34
15.5,7.76035409034452,1,34
16,7.94536438366013,1,34
16.5,7.52022283861934,1,34
17,7.79436395224953,1,34
17.5,7.66879679591106,1,34
18,7.91174883029648,1,34
18.5,7.44712553418268,1,34
19,7.33762849691225,1,34
19.5,7.61903610887821,1,34
20,7.66714220640756,1,34
20.5,7.56790098779602,1,34
21,7.69844717724034,1,34
21.5,7.36120642214596,1,34
22,7.72786683862077,1,34
22.5,7.4771510375488,1,34
23,7.5679346949944,1,34
23.5,7.60053719237238,1,34
24,7.67609385386773,1,34
24.5,7.60506528156912,1,34
25,7.67231729201141,1,34
25.5,7.82656803714007,1,34
26,7.59862875967079,1,34
26.5,7.35467813350315,1,34
27,7.8590690041028,1,34
27.5,7.36163099935516,1,34
28,7.56389403379197,1,34
28.5,7.70228540111083,1,34
29,7.55598689633248,1,34
29.5,7.70142298549185,1,34
30,7.3724268521677,1,34
0,1.86958147226202,1,35
0.5,5.66303606353476,1,35
1,5.99937598351305,1,35
1.5,6.08426294529414,1,35
2,6.14583084676766,1,35
2.5,6.88065421481066,1,35
3,6.54439897514671,1,35
3.5,6.51116992361548,1,35
4,6.68798407474216,1,35
4.5,6.32399845589068,1,35
5,6.76248994228731,1,35
5.5,6.62270173505914,1,35
6,6.49540222143989,1,35
6.5,7.03801805489667,1,35
7,6.74498830153401,1,35
7.5,7.05152950104744,1,35
8,7.04342111721644,1,35
8.5,6.99108865534582,1,35
9,7.12888203900427,1,35
9.5,6.58615704860812,1,35
10,6.74470830986658,1,35
10.5,7.00002109568014,1,35
11,6.93715329518931,1,35
11.5,6.55519427367111,1,35
12,6.90762281507563,1,35
12.5,7.04518919037793,1,35
13,6.98939551037096,1,35
13.5,6.92197574138248,1,35
14,6.86459667317689,1,35
14.5,6.42686415650761,1,35
15,6.75635383418753,1,35
15.5,6.76330495146813,1,35
16,6.77167990145611,1,35
16.5,6.76943571803637,1,35
17,7.00378500939484,1,35
17.5,6.76641114640015,1,35
18,7.03690975263897,1,35
18.5,6.88058801232552,1,35
19,6.88135091999328,1,35
19.5,7.01983836782894,1,35
20,7.06238698974776,1,35
20.5,6.83517742327146,1,35
21,7.04264754942828,1,35
21.5,6.65888905291652,1,35
22,6.93176680428752,1,35
22.5,7.12678176140914,1,35
23,7.14878705612687,1,35
23.5,6.85257416282987,1,35
24,7.17508778070335,1,35
24.5,7.15997367587643,1,35
25,7.15342889966986,1,35
25.5,6.76534175443455,1,35
26,6.95521934146978,1,35
26.5,6.78256541601276,1,35
27,6.30356663526668,1,35
27.5,6.91406011616216,1,35
28,6.56539223818031,1,35
28.5,6.7837143165977,1,35
29,6.75589317081083,1,35
29.5,6.71571294757605,1,35
30,7.06022266001558,1,35
0,1.74977780592565,1,36
0.5,6.1321648435597,1,36
1,6.98123450904373,1,36
1.5,6.68528303273913,1,36
2,7.44707199953077,1,36
2.5,7.87886879949912,1,36
3,8.1060324001999,1,36
3.5,8.03979259947399,1,36
4,7.80241485543435,1,36
4.5,7.89171453421651,1,36
5,7.94457942004396,1,36
5.5,7.98101855583424,1,36
6,8.30785753445275,1,36
6.5,8.37278081802453,1,36
7,8.72268849092385,1,36
7.5,8.06465042260777,1,36
8,8.04235560301541,1,36
8.5,8.08277231529336,1,36
9,8.2284599314252,1,36
9.5,8.11431194194864,1,36
10,8.12213530214727,1,36
10.5,8.18969933467841,1,36
11,8.21349895440309,1,36
11.5,8.12770069861248,1,36
12,8.32851557442853,1,36
12.5,8.33245910466769,1,36
13,8.09080034546893,1,36
13.5,8.32665719430007,1,36
14,7.97641264145703,1,36
14.5,8.18124428817516,1,36
15,8.3315509333282,1,36
15.5,8.24217875360259,1,36
16,8.08292543516748,1,36
16.5,8.21278685647611,1,36
17,8.59237594426772,1,36
17.5,7.86479208882608,1,36
18,8.30727461536206,1,36
18.5,7.54041345429122,1,36
19,8.11145833856943,1,36
19.5,8.30320988706502,1,36
20,8.04788082145233,1,36
20.5,7.88317681813007,1,36
21,8.24621260424069,1,36
21.5,8.19849426144406,1,36
22,7.88179728269102,1,36
22.5,7.42281483839173,1,36
23,7.70977973346709,1,36
23.5,8.05456596788081,1,36
24,7.650567666696,1,36
24.5,8.1084389162998,1,36
25,7.78128955351929,1,36
25.5,7.70839966395321,1,36
26,7.72950162406485,1,36
26.5,7.3382039698075,1,36
27,7.64013900306405,1,36
27.5,7.87946155366514,1,36
28,7.5154416216139,1,36
28.5,7.58090201385362,1,36
29,7.77548762352712,1,36
29.5,7.74899762010654,1,36
30,7.49458934841912,1,36
0,2.28119805397829,1,37
0.5,6.965109614163,1,37
1,7.39216748537479,1,37
1.5,7.79614067961517,1,37
2,8.01272377718539,1,37
2.5,7.8963404512535,1,37
3,8.12409301992427,1,37
3.5,8.68347329489807,1,37
4,8.04238713410733,1,37
4.5,8.6304467620012,1,37
5,8.42467308852624,1,37
5.5,8.76090614116278,1,37
6,8.56793212834484,1,37
6.5,9.10476958189166,1,37
7,8.33861995852876,1,37
7.5,8.77336076489376,1,37
8,8.51637995285721,1,37
8.5,8.66737261075583,1,37
9,8.62658329370731,1,37
9.5,8.63521880901793,1,37
10,8.434565170188,1,37
10.5,8.29329697788301,1,37
11,8.47955282708565,1,37
11.5,8.70011111176595,1,37
12,8.70222507702061,1,37
12.5,8.70687124992461,1,37
13,8.44816728101089,1,37
13.5,8.33332652043857,1,37
14,8.53704265945417,1,37
14.5,8.71412694033215,1,37
15,8.73221523149328,1,37
15.5,8.43557920933961,1,37
16,8.4993726391366,1,37
16.5,8.4375790128565,1,37
17,8.38626665433266,1,37
17.5,8.70880763886332,1,37
18,8.2745612877799,1,37
18.5,8.29044229028477,1,37
19,8.28693773221896,1,37
19.5,8.59915084586583,1,37
20,8.17887891586624,1,37
20.5,8.2551377636769,1,37
21,8.33288659636908,1,37
21.5,7.80896898450323,1,37
22,8.14641133366237,1,37
22.5,8.44318608482224,1,37
23,8.41254784076315,1,37
23.5,8.49510634867298,1,37
24,8.45711385559339,1,37
24.5,8.22082702699503,1,37
25,8.46043763740363,1,37
25.5,8.32009989574489,1,37
26,8.17942844321093,1,37
26.5,8.22267737027712,1,37
27,8.43211562581075,1,37
27.5,8.15789035470591,1,37
28,7.93389094755086,1,37
28.5,8.105108704833,1,37
29,7.99992072422856,1,37
29.5,8.2462174406322,1,37
30,7.97668969126225,1,37
0,2.27442914298866,1,38
0.5,6.62249832895737,1,38
1,7.23337717344143,1,38
1.5,7.44393407459503,1,38
2,7.1089690781871,1,38
2.5,7.42406936881754,1,38
3,7.72319535356524,1,38
3.5,7.79872031997699,1,38
4,8.15809159984631,1,38
4.5,7.65850822696211,1,38
5,7.85070141926964,1,38
5.5,8.0785193526946,1,38
6,7.9170264689776,1,38
6.5,7.67456531478176,1,38
7,8.06405809227283,1,38
7.5,7.72631394723859,1,38
8,8.10191694356778,1,38
8.5,7.94595477444482,1,38
9,7.57901191195473,1,38
9.5,7.76336649131447,1,38
10,7.97145535888244,1,38
10.5,7.58116869982011,1,38
11,7.67897652195724,1,38
11.5,7.70616233547671,1,38
12,7.91821243249714,1,38
12.5,7.98978025080342,1,38
13,7.65258108630318,1,38
13.5,7.81610994931562,1,38
14,7.80609392651501,1,38
14.5,7.92838606346876,1,38
15,7.77560674911712,1,38
15.5,8.02646390613654,1,38
16,8.10949006095122,1,38
16.5,7.91974869724845,1,38
17,7.53103406228472,1,38
17.5,7.89990477396169,1,38
18,7.79904275286741,1,38
18.5,7.68448799750733,1,38
19,7.94261979468287,1,38
19.5,7.7488188602982,1,38
20,7.46885084970918,1,38
20.5,7.93173320141851,1,38
21,7.90180485272526,1,38
21.5,7.62538217481861,1,38
22,8.36329917784124,1,38
22.5,7.73665781703589,1,38
23,8.24046494958654,1,38
23.5,7.80011051627176,1,38
24,7.9678020799184,1,38
24.5,7.88485745955767,1,38
25,7.88004622962062,1,38
25.5,7.80271977411211,1,38
26,7.80418901279958,1,38
26.5,7.97498147071084,1,38
27,8.35616491548017,1,38
27.5,7.8409257630188,1,38
28,7.83698883153896,1,38
28.5,7.81571795629192,1,38
29,7.58809001911598,1,38
29.5,8.08181905822329,1,38
30,7.84096549602512,1,38
0,2.11072222347379,1,39
0.5,5.70972218085342,1,39
1,6.10167736418124,1,39
1.5,6.16664500640913,1,39
2,7.02906311091924,1,39
2.5,6.62725641542498,1,39
3,6.84030796949148,1,39
3.5,7.0434117801361,1,39
4,6.84314095384463,1,39
4.5,6.90959986056092,1,39
5,6.94970507516317,1,39
5.5,7.24336912677968,1,39
6,6.90227528529732,1,39
6.5,6.92630478936125,1,39
7,7.44003148584572,1,39
7.5,6.99294258573617,1,39
8,7.10758776068942,1,39
8.5,7.61325705003106,1,39
9,7.30429859565278,1,39
9.5,7.51494790112843,1,39
10,7.41927502914077,1,39
10.5,7.09500794459535,1,39
11,7.64787721539956,1,39
11.5,7.41945356500846,1,39
12,7.45644523712237,1,39
12.5,7.29089741677152,1,39
13,7.54127809789869,1,39
13.5,7.50054023368216,1,39
14,7.05012093823335,1,39
14.5,7.7013067928563,1,39
15,7.48127712145075,1,39
15.5,7.41566911687234,1,39
16,7.6756175898766,1,39
16.5,7.85011798908056,1,39
17,7.49259094875063,1,39
17.5,7.49344552285898,1,39
18,7.31314766964152,1,39
18.5,7.74425055403331,1,39
19,7.28296815748449,1,39
19.5,7.35471765934921,1,39
20,7.53157913419186,1,39
20.5,7.51267195884025,1,39
21,7.65683639542943,1,39
21.5,7.56603721152085,1,39
22,7.66388854507619,1,39
22.5,7.70158405236102,1,39
23,7.27195440677284,1,39
23.5,7.2526628149885,1,39
24,7.58722291106919,1,39
24.5,7.58608137457884,1,39
25,7.68193097227315,1,39
25.5,7.4796981412279,1,39
26,7.35008673285355,1,39
26.5,7.51263751164091,1,39
27,7.86348358476011,1,39
27.5,7.35801398357486,1,39
28,7.62972292658387,1,39
28.5,7.70049195761104,1,39
29,7.3464970034104,1,39
29.5,7.8723353484481,1,39
30,7.37217480779598,1,39
0,1.98654366000445,1,40
0.5,5.76003562065176,1,40
1,5.72805816878069,1,40
1.5,5.92511524637799,1,40
2,6.19219631963017,1,40
2.5,6.43259273514496,1,40
3,6.42099799936593,1,40
3.5,6.76747639315931,1,40
4,5.91516551446235,1,40
4.5,6.40501540300027,1,40
5,6.53789372559664,1,40
5.5,6.56382846398107,1,40
6,6.72073249955659,1,40
6.5,6.22388226019599,1,40
7,6.11274904648848,1,40
7.5,6.50507623472625,1,40
8,6.48793568050094,1,40
8.5,6.53717500398689,1,40
9,6.55314862467049,1,40
9.5,6.3214021426508,1,40
10,6.36537872718707,1,40
10.5,6.60474832014065,1,40
11,6.59530574494778,1,40
11.5,6.7068452193767,1,40
12,6.42383066458907,1,40
12.5,6.08659002873265,1,40
13,6.29306519113178,1,40
13.5,6.33386450319095,1,40
14,6.19695386479065,1,40
14.5,6.18527725698008,1,40
15,6.56613280071266,1,40
15.5,6.36237523625678,1,40
16,6.37368901320624,1,40
16.5,6.29843390525975,1,40
17,5.98363145426258,1,40
17.5,6.40633318519127,1,40
18,6.58910787060635,1,40
18.5,6.53221652772959,1,40
19,6.77199697523283,1,40
19.5,6.63883204160937,1,40
20,6.24941331956728,1,40
20.5,6.15047190541802,1,40
21,5.77935834870986,1,40
21.5,6.19711093949591,1,40
22,6.4083009024912,1,40
22.5,6.57888493106003,1,40
23,6.68197032802295,1,40
23.5,6.93062407438504,1,40
24,6.21866164490254,1,40
24.5,6.33000560019971,1,40
25,6.24000614273393,1,40
25.5,6.57293300034032,1,40
26,6.23950701345957,1,40
26.5,6.47907430749094,1,40
27,6.29921416982923,1,40
27.5,6.16467251809972,1,40
28,6.58484934374564,1,40
28.5,6.30311760304324,1,40
29,6.2606308986925,1,40
29.5,6.41967289323747,1,40
30,6.71405816796024,1,40
